clu_14649	1_clan
clu_14649	6_clan
clu_14649	9_clan
clu_15685	1_clan
clu_15685	6_clan
clu_15685	9_clan
clu_13670	1_clan
clu_13670	9_clan
clu_17095	1_clan
clu_17095	6_clan
clu_17095	9_clan
clu_2552	1_clan
clu_17253	1_clan
clu_14958	1_clan
clu_14958	9_clan
clu_16753	1_clan
clu_16429	1_clan
clu_11323	1_clan
clu_584	1_clan
clu_1051	1_clan
clu_4643	1_clan
clu_4801	1_clan
clu_3452	1_clan
clu_8823	1_clan
clu_11191	1_clan
clu_4566	1_clan
clu_13512	1_clan
clu_12664	1_clan
clu_15258	1_clan
clu_17177	1_clan
clu_17006	1_clan
clu_10553	1_clan
clu_14357	1_clan
clu_10455	1_clan
clu_10455	9_clan
clu_12941	1_clan
clu_6019	1_clan
clu_17194	1_clan
clu_3220	1_clan
clu_8261	1_clan
clu_8261	26_clan
clu_8316	1_clan
clu_4910	1_clan
clu_17811	1_clan
clu_1264	1_clan
clu_1264	6_clan
clu_1264	9_clan
clu_1090	1_clan
clu_1090	9_clan
clu_9823	1_clan
clu_9823	6_clan
clu_9823	9_clan
clu_11669	1_clan
clu_14307	1_clan
clu_14397	1_clan
clu_14397	6_clan
clu_14397	9_clan
clu_11676	1_clan
clu_4205	1_clan
clu_5154	1_clan
clu_6610	1_clan
clu_439	1_clan
clu_15113	1_clan
clu_832	1_clan
clu_15728	1_clan
clu_17781	1_clan
clu_13749	1_clan
clu_756	1_clan
clu_13233	1_clan
clu_298	2_clan
clu_6379	2_clan
clu_12860	2_clan
clu_5392	2_clan
clu_13439	2_clan
clu_7920	2_clan
clu_7889	2_clan
clu_15754	2_clan
clu_12383	2_clan
clu_1340	2_clan
clu_2331	2_clan
clu_10231	2_clan
clu_27	2_clan
clu_7963	2_clan
clu_16632	2_clan
clu_15643	2_clan
clu_3365	2_clan
clu_13690	2_clan
clu_13521	2_clan
clu_17024	3_clan
clu_4902	3_clan
clu_10826	3_clan
clu_2950	3_clan
clu_2950	29_clan
clu_16513	3_clan
clu_16887	3_clan
clu_6213	3_clan
clu_1231	3_clan
clu_4740	3_clan
clu_9097	3_clan
clu_17000	3_clan
clu_17000	29_clan
clu_13000	3_clan
clu_4537	3_clan
clu_15204	3_clan
clu_3396	3_clan
clu_14105	3_clan
clu_15642	3_clan
clu_16232	3_clan
clu_4632	3_clan
clu_12312	4_clan
clu_12312	8_clan
clu_15924	4_clan
clu_13989	4_clan
clu_13989	8_clan
clu_11924	4_clan
clu_8013	4_clan
clu_8013	8_clan
clu_8013	33_clan
clu_6225	4_clan
clu_6225	8_clan
clu_9528	4_clan
clu_15065	4_clan
clu_15065	8_clan
clu_1881	4_clan
clu_1881	8_clan
clu_2969	4_clan
clu_2969	8_clan
clu_3490	5_clan
clu_17468	5_clan
clu_6386	5_clan
clu_6657	5_clan
clu_11973	5_clan
clu_16323	5_clan
clu_10705	5_clan
clu_8421	5_clan
clu_11251	5_clan
clu_3390	5_clan
clu_2281	5_clan
clu_7488	5_clan
clu_17629	5_clan
clu_9685	5_clan
clu_16277	5_clan
clu_7111	5_clan
clu_13085	5_clan
clu_4752	5_clan
clu_15097	5_clan
clu_15348	5_clan
clu_7989	5_clan
clu_6470	6_clan
clu_6470	9_clan
clu_489	6_clan
clu_489	9_clan
clu_9448	6_clan
clu_9448	9_clan
clu_9252	6_clan
clu_9252	9_clan
clu_6461	6_clan
clu_6461	9_clan
clu_2674	6_clan
clu_2674	9_clan
clu_7584	6_clan
clu_7584	9_clan
clu_4225	6_clan
clu_4225	9_clan
clu_13360	7_clan
clu_14953	7_clan
clu_16594	7_clan
clu_17364	8_clan
clu_5777	8_clan
clu_8399	8_clan
clu_10700	8_clan
clu_3216	8_clan
clu_2411	8_clan
clu_10265	8_clan
clu_1459	8_clan
clu_2835	8_clan
clu_1889	8_clan
clu_3025	8_clan
clu_9668	8_clan
clu_15623	8_clan
clu_8362	9_clan
clu_14454	9_clan
clu_13896	9_clan
clu_10006	9_clan
clu_11571	9_clan
clu_3036	10_clan
clu_16148	10_clan
clu_11287	10_clan
clu_2546	10_clan
clu_316	10_clan
clu_7697	10_clan
clu_4170	10_clan
clu_7475	10_clan
clu_14213	10_clan
clu_10633	10_clan
clu_11969	10_clan
clu_3981	10_clan
clu_9201	10_clan
clu_6994	10_clan
clu_12341	10_clan
clu_1925	10_clan
clu_9206	10_clan
clu_8200	11_clan
clu_9328	11_clan
clu_7092	11_clan
clu_17609	12_clan
clu_4311	12_clan
clu_539	12_clan
clu_6537	12_clan
clu_441	12_clan
clu_2530	12_clan
clu_17251	12_clan
clu_14482	12_clan
clu_941	12_clan
clu_4592	12_clan
clu_12134	12_clan
clu_6725	12_clan
clu_4009	12_clan
clu_2732	12_clan
clu_11598	12_clan
clu_14506	13_clan
clu_5975	13_clan
clu_7093	13_clan
clu_14285	13_clan
clu_8433	13_clan
clu_7010	13_clan
clu_8770	13_clan
clu_7110	13_clan
clu_8211	13_clan
clu_5939	13_clan
clu_11158	13_clan
clu_11069	13_clan
clu_4378	13_clan
clu_13297	13_clan
clu_13537	14_clan
clu_701	14_clan
clu_16845	14_clan
clu_8416	14_clan
clu_7877	14_clan
clu_17704	14_clan
clu_15116	14_clan
clu_4604	14_clan
clu_12307	14_clan
clu_9767	14_clan
clu_11106	14_clan
clu_9905	14_clan
clu_9905	24_clan
clu_4442	15_clan
clu_4442	18_clan
clu_1293	15_clan
clu_838	15_clan
clu_6799	15_clan
clu_5211	15_clan
clu_54	15_clan
clu_7355	15_clan
clu_12404	15_clan
clu_1726	15_clan
clu_7429	15_clan
clu_1433	16_clan
clu_7145	16_clan
clu_7204	16_clan
clu_13946	16_clan
clu_12068	16_clan
clu_4885	16_clan
clu_3090	16_clan
clu_16689	16_clan
clu_11516	16_clan
clu_137	16_clan
clu_12626	16_clan
clu_7027	16_clan
clu_6013	16_clan
clu_11764	17_clan
clu_14526	17_clan
clu_15165	17_clan
clu_705	17_clan
clu_16215	17_clan
clu_14152	18_clan
clu_924	18_clan
clu_33	18_clan
clu_3965	18_clan
clu_3965	79_clan
clu_9707	18_clan
clu_11893	18_clan
clu_16330	18_clan
clu_12188	18_clan
clu_615	19_clan
clu_2384	19_clan
clu_4738	19_clan
clu_7755	19_clan
clu_14772	19_clan
clu_541	19_clan
clu_9004	19_clan
clu_6708	19_clan
clu_5681	20_clan
clu_30	20_clan
clu_1376	20_clan
clu_10798	20_clan
clu_12857	20_clan
clu_11316	20_clan
clu_2078	20_clan
clu_4596	20_clan
clu_6718	20_clan
clu_1200	20_clan
clu_10901	21_clan
clu_10228	21_clan
clu_12962	21_clan
clu_13074	21_clan
clu_8461	21_clan
clu_3643	22_clan
clu_3643	25_clan
clu_17333	22_clan
clu_17333	25_clan
clu_9717	22_clan
clu_9717	25_clan
clu_9717	52_clan
clu_12011	22_clan
clu_12011	25_clan
clu_8990	22_clan
clu_1511	22_clan
clu_1511	25_clan
clu_175	22_clan
clu_175	25_clan
clu_4202	22_clan
clu_4202	25_clan
clu_4833	23_clan
clu_781	23_clan
clu_776	23_clan
clu_15085	23_clan
clu_11205	23_clan
clu_16431	23_clan
clu_2415	23_clan
clu_12869	23_clan
clu_11825	23_clan
clu_1772	23_clan
clu_14609	24_clan
clu_12428	24_clan
clu_14101	24_clan
clu_4703	24_clan
clu_9658	24_clan
clu_12342	24_clan
clu_7577	24_clan
clu_16139	24_clan
clu_1180	25_clan
clu_5786	26_clan
clu_15209	26_clan
clu_11256	26_clan
clu_1252	26_clan
clu_13981	26_clan
clu_2479	26_clan
clu_6999	26_clan
clu_9225	27_clan
clu_9070	27_clan
clu_5045	27_clan
clu_16423	27_clan
clu_697	27_clan
clu_5721	27_clan
clu_11976	27_clan
clu_2671	27_clan
clu_6276	27_clan
clu_8428	28_clan
clu_13533	28_clan
clu_3637	28_clan
clu_15099	28_clan
clu_17018	28_clan
clu_10867	28_clan
clu_11798	28_clan
clu_7945	29_clan
clu_4074	29_clan
clu_7541	29_clan
clu_3422	29_clan
clu_4875	30_clan
clu_7423	30_clan
clu_14839	30_clan
clu_15976	30_clan
clu_3822	30_clan
clu_14302	30_clan
clu_11305	30_clan
clu_1251	30_clan
clu_5993	30_clan
clu_3497	31_clan
clu_637	31_clan
clu_5066	31_clan
clu_5066	48_clan
clu_10236	31_clan
clu_7467	31_clan
clu_7969	31_clan
clu_1442	32_clan
clu_877	32_clan
clu_4779	32_clan
clu_2558	32_clan
clu_8845	32_clan
clu_2056	32_clan
clu_2056	142_clan
clu_13190	32_clan
clu_13190	142_clan
clu_16028	32_clan
clu_16028	142_clan
clu_13272	32_clan
clu_3777	32_clan
clu_3777	142_clan
clu_8030	33_clan
clu_14462	33_clan
clu_15652	33_clan
clu_8611	33_clan
clu_6958	33_clan
clu_17328	33_clan
clu_10666	34_clan
clu_17810	34_clan
clu_10841	34_clan
clu_9150	34_clan
clu_16023	34_clan
clu_471	34_clan
clu_14667	34_clan
clu_12106	34_clan
clu_14385	35_clan
clu_14385	36_clan
clu_5464	35_clan
clu_7261	35_clan
clu_17063	35_clan
clu_8723	36_clan
clu_8373	36_clan
clu_12097	36_clan
clu_3848	36_clan
clu_4325	36_clan
clu_9371	36_clan
clu_8140	36_clan
clu_15464	37_clan
clu_7182	37_clan
clu_7681	37_clan
clu_4792	37_clan
clu_555	37_clan
clu_5406	37_clan
clu_1819	38_clan
clu_8599	38_clan
clu_653	38_clan
clu_17544	38_clan
clu_11882	38_clan
clu_7778	38_clan
clu_17449	38_clan
clu_1648	39_clan
clu_1648	40_clan
clu_16686	39_clan
clu_2139	39_clan
clu_2139	40_clan
clu_16169	39_clan
clu_9895	39_clan
clu_14495	40_clan
clu_1557	40_clan
clu_4790	40_clan
clu_10924	40_clan
clu_15388	40_clan
clu_17843	40_clan
clu_9981	40_clan
clu_3120	41_clan
clu_12166	41_clan
clu_17761	41_clan
clu_14924	41_clan
clu_3232	41_clan
clu_12072	41_clan
clu_16087	41_clan
clu_6897	42_clan
clu_6897	49_clan
clu_15930	42_clan
clu_10646	42_clan
clu_5682	42_clan
clu_5578	43_clan
clu_2012	43_clan
clu_7062	43_clan
clu_6510	43_clan
clu_5379	43_clan
clu_5379	102_clan
clu_17538	44_clan
clu_12109	44_clan
clu_540	44_clan
clu_9950	44_clan
clu_11551	44_clan
clu_13391	44_clan
clu_16472	45_clan
clu_3103	45_clan
clu_10113	45_clan
clu_9083	45_clan
clu_9083	108_clan
clu_10921	45_clan
clu_1189	45_clan
clu_6843	45_clan
clu_14098	46_clan
clu_8390	46_clan
clu_2059	46_clan
clu_15322	46_clan
clu_3628	46_clan
clu_182	46_clan
clu_606	46_clan
clu_7578	47_clan
clu_12758	47_clan
clu_8696	47_clan
clu_9429	47_clan
clu_1540	47_clan
clu_8870	47_clan
clu_7410	48_clan
clu_9068	48_clan
clu_1729	48_clan
clu_4655	48_clan
clu_13035	49_clan
clu_9119	49_clan
clu_738	49_clan
clu_5123	49_clan
clu_15838	49_clan
clu_15584	50_clan
clu_15442	50_clan
clu_16668	50_clan
clu_17226	50_clan
clu_14884	50_clan
clu_450	50_clan
clu_7154	51_clan
clu_7623	51_clan
clu_2611	51_clan
clu_5974	51_clan
clu_13211	51_clan
clu_7377	52_clan
clu_7377	196_clan
clu_17415	52_clan
clu_15688	52_clan
clu_10755	52_clan
clu_2290	52_clan
clu_17586	53_clan
clu_17586	67_clan
clu_12923	53_clan
clu_12923	67_clan
clu_15194	53_clan
clu_15194	67_clan
clu_11283	53_clan
clu_11283	67_clan
clu_4621	53_clan
clu_4621	67_clan
clu_3542	54_clan
clu_254	54_clan
clu_8511	54_clan
clu_3979	54_clan
clu_4644	54_clan
clu_15223	54_clan
clu_17658	55_clan
clu_14853	55_clan
clu_7609	55_clan
clu_2053	55_clan
clu_13751	55_clan
clu_10364	55_clan
clu_3144	56_clan
clu_4881	56_clan
clu_7320	56_clan
clu_5892	56_clan
clu_8240	57_clan
clu_11171	57_clan
clu_3747	57_clan
clu_10022	57_clan
clu_17724	57_clan
clu_17400	58_clan
clu_17450	58_clan
clu_3442	58_clan
clu_5285	58_clan
clu_10073	58_clan
clu_12605	59_clan
clu_2119	59_clan
clu_8680	59_clan
clu_13256	59_clan
clu_3803	59_clan
clu_2147	60_clan
clu_2147	129_clan
clu_2762	60_clan
clu_2762	129_clan
clu_8700	60_clan
clu_8700	129_clan
clu_16552	60_clan
clu_16552	129_clan
clu_13294	60_clan
clu_13294	129_clan
clu_16248	61_clan
clu_366	61_clan
clu_11455	61_clan
clu_7412	61_clan
clu_6952	61_clan
clu_6145	62_clan
clu_6015	62_clan
clu_16958	62_clan
clu_7720	62_clan
clu_1697	63_clan
clu_11395	63_clan
clu_17772	63_clan
clu_9598	63_clan
clu_7960	63_clan
clu_613	64_clan
clu_6796	64_clan
clu_6030	64_clan
clu_7965	64_clan
clu_13736	65_clan
clu_11020	65_clan
clu_547	65_clan
clu_12790	65_clan
clu_9379	65_clan
clu_14212	66_clan
clu_1788	66_clan
clu_5008	66_clan
clu_16276	66_clan
clu_17269	66_clan
clu_12108	66_clan
clu_2347	66_clan
clu_12302	67_clan
clu_15160	67_clan
clu_5041	67_clan
clu_15306	68_clan
clu_7503	68_clan
clu_10761	68_clan
clu_11770	69_clan
clu_2011	69_clan
clu_3368	69_clan
clu_3986	69_clan
clu_9670	69_clan
clu_4499	70_clan
clu_17606	70_clan
clu_2868	70_clan
clu_17319	70_clan
clu_11960	70_clan
clu_15517	71_clan
clu_4414	71_clan
clu_915	71_clan
clu_15484	71_clan
clu_5951	71_clan
clu_16672	72_clan
clu_7601	72_clan
clu_14370	72_clan
clu_12639	72_clan
clu_13342	72_clan
clu_2481	73_clan
clu_1371	73_clan
clu_2828	73_clan
clu_8668	73_clan
clu_9488	74_clan
clu_10363	74_clan
clu_4809	74_clan
clu_10589	74_clan
clu_1412	75_clan
clu_7189	75_clan
clu_13601	75_clan
clu_17021	76_clan
clu_8839	76_clan
clu_4470	76_clan
clu_17740	77_clan
clu_15415	77_clan
clu_17188	77_clan
clu_17746	77_clan
clu_13719	77_clan
clu_7952	78_clan
clu_11467	78_clan
clu_3462	78_clan
clu_14560	78_clan
clu_10909	78_clan
clu_2466	79_clan
clu_8636	79_clan
clu_1852	79_clan
clu_14254	80_clan
clu_255	80_clan
clu_8531	80_clan
clu_14233	80_clan
clu_11123	81_clan
clu_460	81_clan
clu_7211	81_clan
clu_6093	81_clan
clu_17641	81_clan
clu_7080	82_clan
clu_10877	82_clan
clu_2193	82_clan
clu_8484	82_clan
clu_8088	82_clan
clu_11628	83_clan
clu_4364	83_clan
clu_17169	83_clan
clu_10471	83_clan
clu_9812	84_clan
clu_1478	84_clan
clu_11234	84_clan
clu_15510	84_clan
clu_12825	85_clan
clu_3812	85_clan
clu_13167	85_clan
clu_16071	85_clan
clu_11030	85_clan
clu_16717	86_clan
clu_3239	86_clan
clu_7078	86_clan
clu_5027	86_clan
clu_15525	86_clan
clu_9285	86_clan
clu_14836	87_clan
clu_14836	199_clan
clu_10529	87_clan
clu_534	87_clan
clu_12651	87_clan
clu_11087	87_clan
clu_16510	87_clan
clu_16510	199_clan
clu_1515	88_clan
clu_16460	88_clan
clu_16466	88_clan
clu_1962	88_clan
clu_17140	88_clan
clu_12480	89_clan
clu_98	89_clan
clu_4502	89_clan
clu_6247	89_clan
clu_11922	89_clan
clu_3770	90_clan
clu_16580	90_clan
clu_17103	90_clan
clu_11110	90_clan
clu_16930	91_clan
clu_16348	91_clan
clu_9920	91_clan
clu_5536	91_clan
clu_11654	91_clan
clu_9157	91_clan
clu_9891	92_clan
clu_2111	92_clan
clu_11526	92_clan
clu_15394	92_clan
clu_17851	93_clan
clu_14900	93_clan
clu_1359	93_clan
clu_16966	93_clan
clu_13032	94_clan
clu_15331	94_clan
clu_9072	94_clan
clu_16297	95_clan
clu_12004	95_clan
clu_5860	95_clan
clu_16968	95_clan
clu_4298	96_clan
clu_16083	96_clan
clu_17261	96_clan
clu_6686	96_clan
clu_14849	97_clan
clu_5275	97_clan
clu_1784	97_clan
clu_12338	97_clan
clu_17443	98_clan
clu_6295	98_clan
clu_15294	98_clan
clu_1970	98_clan
clu_13048	98_clan
clu_7890	99_clan
clu_9627	99_clan
clu_15211	99_clan
clu_16790	99_clan
clu_429	100_clan
clu_6600	100_clan
clu_15081	100_clan
clu_14792	101_clan
clu_1403	101_clan
clu_10806	101_clan
clu_5219	101_clan
clu_16601	102_clan
clu_14898	102_clan
clu_7765	102_clan
clu_16826	103_clan
clu_8037	103_clan
clu_9540	103_clan
clu_14706	103_clan
clu_9720	104_clan
clu_10033	104_clan
clu_10678	104_clan
clu_13280	104_clan
clu_2113	105_clan
clu_14334	105_clan
clu_3671	105_clan
clu_16751	105_clan
clu_16785	106_clan
clu_15103	106_clan
clu_5054	106_clan
clu_7855	106_clan
clu_6040	107_clan
clu_2103	107_clan
clu_5361	107_clan
clu_8830	107_clan
clu_7181	108_clan
clu_7798	108_clan
clu_4912	108_clan
clu_12154	109_clan
clu_533	109_clan
clu_13820	109_clan
clu_11596	109_clan
clu_13552	110_clan
clu_10173	110_clan
clu_2512	110_clan
clu_1625	110_clan
clu_14022	111_clan
clu_3911	111_clan
clu_9398	111_clan
clu_14765	111_clan
clu_353	112_clan
clu_939	112_clan
clu_7130	112_clan
clu_10808	113_clan
clu_2153	113_clan
clu_14580	113_clan
clu_12089	114_clan
clu_12089	198_clan
clu_11133	114_clan
clu_6524	114_clan
clu_6524	198_clan
clu_4939	114_clan
clu_4939	198_clan
clu_1621	114_clan
clu_1621	198_clan
clu_15555	114_clan
clu_15555	198_clan
clu_3298	115_clan
clu_14467	115_clan
clu_15025	115_clan
clu_4952	115_clan
clu_13351	115_clan
clu_9948	115_clan
clu_266	116_clan
clu_15100	116_clan
clu_14542	116_clan
clu_11766	116_clan
clu_2260	117_clan
clu_15911	117_clan
clu_12469	117_clan
clu_14205	117_clan
clu_12208	118_clan
clu_11668	118_clan
clu_4888	118_clan
clu_17138	118_clan
clu_5405	119_clan
clu_10991	119_clan
clu_2177	119_clan
clu_5964	119_clan
clu_14888	120_clan
clu_7222	120_clan
clu_9358	120_clan
clu_6025	121_clan
clu_1909	121_clan
clu_5881	121_clan
clu_2763	122_clan
clu_9990	122_clan
clu_15230	122_clan
clu_11932	123_clan
clu_6885	123_clan
clu_7998	123_clan
clu_10441	124_clan
clu_17850	124_clan
clu_3790	124_clan
clu_4048	125_clan
clu_9186	125_clan
clu_708	125_clan
clu_12776	126_clan
clu_13371	126_clan
clu_16572	126_clan
clu_7376	127_clan
clu_11281	127_clan
clu_6817	127_clan
clu_9896	128_clan
clu_8786	128_clan
clu_8372	128_clan
clu_15994	129_clan
clu_9259	129_clan
clu_5822	130_clan
clu_11887	130_clan
clu_6339	130_clan
clu_17369	131_clan
clu_14229	131_clan
clu_12345	131_clan
clu_12632	132_clan
clu_3351	132_clan
clu_6468	132_clan
clu_1588	132_clan
clu_6434	133_clan
clu_8083	133_clan
clu_3486	133_clan
clu_16267	134_clan
clu_9374	134_clan
clu_9590	134_clan
clu_8816	135_clan
clu_5926	135_clan
clu_15075	135_clan
clu_9777	136_clan
clu_10781	136_clan
clu_7220	136_clan
clu_11802	137_clan
clu_10686	137_clan
clu_1034	137_clan
clu_10834	138_clan
clu_12924	138_clan
clu_7	138_clan
clu_11024	139_clan
clu_6534	139_clan
clu_12739	139_clan
clu_5661	140_clan
clu_9543	140_clan
clu_14780	140_clan
clu_15906	141_clan
clu_10147	141_clan
clu_5311	141_clan
clu_2791	142_clan
clu_17075	142_clan
clu_11352	143_clan
clu_16829	143_clan
clu_10843	143_clan
clu_2778	144_clan
clu_17663	144_clan
clu_2077	144_clan
clu_7106	145_clan
clu_2126	145_clan
clu_13905	145_clan
clu_1001	145_clan
clu_12160	146_clan
clu_2667	146_clan
clu_11602	146_clan
clu_8659	147_clan
clu_14797	147_clan
clu_6785	147_clan
clu_7984	148_clan
clu_9527	148_clan
clu_2387	148_clan
clu_12696	149_clan
clu_2223	149_clan
clu_1664	149_clan
clu_4722	150_clan
clu_1387	150_clan
clu_2910	150_clan
clu_16967	151_clan
clu_1175	151_clan
clu_837	151_clan
clu_3604	152_clan
clu_10533	152_clan
clu_16857	152_clan
clu_15756	153_clan
clu_13518	153_clan
clu_8386	153_clan
clu_1553	154_clan
clu_15284	154_clan
clu_13700	154_clan
clu_9120	155_clan
clu_178	155_clan
clu_9678	155_clan
clu_6002	156_clan
clu_5890	156_clan
clu_4974	156_clan
clu_5442	157_clan
clu_469	157_clan
clu_12703	157_clan
clu_10890	158_clan
clu_2822	158_clan
clu_690	158_clan
clu_4598	158_clan
clu_3801	159_clan
clu_6054	159_clan
clu_5495	159_clan
clu_8280	160_clan
clu_17579	160_clan
clu_10250	160_clan
clu_9677	161_clan
clu_8639	161_clan
clu_4564	161_clan
clu_16378	162_clan
clu_16714	162_clan
clu_12246	162_clan
clu_3176	163_clan
clu_4981	163_clan
clu_4422	163_clan
clu_9922	164_clan
clu_3253	164_clan
clu_2694	164_clan
clu_13144	165_clan
clu_12153	165_clan
clu_328	165_clan
clu_4040	166_clan
clu_13549	166_clan
clu_3485	166_clan
clu_7088	167_clan
clu_12155	167_clan
clu_14992	167_clan
clu_9464	168_clan
clu_2619	168_clan
clu_10395	168_clan
clu_11200	169_clan
clu_14674	169_clan
clu_569	169_clan
clu_7688	170_clan
clu_313	170_clan
clu_17315	170_clan
clu_13594	171_clan
clu_1823	171_clan
clu_11141	171_clan
clu_17377	172_clan
clu_6982	172_clan
clu_3538	172_clan
clu_3962	173_clan
clu_3447	173_clan
clu_1780	173_clan
clu_9994	174_clan
clu_14468	174_clan
clu_15574	174_clan
clu_10219	175_clan
clu_892	175_clan
clu_5328	175_clan
clu_15505	176_clan
clu_14466	176_clan
clu_2192	176_clan
clu_12530	177_clan
clu_8508	177_clan
clu_12548	177_clan
clu_6818	178_clan
clu_5765	178_clan
clu_14060	178_clan
clu_3146	179_clan
clu_10820	179_clan
clu_2320	179_clan
clu_8284	180_clan
clu_6549	180_clan
clu_1059	180_clan
clu_13296	181_clan
clu_8306	181_clan
clu_2009	181_clan
clu_13610	182_clan
clu_9235	182_clan
clu_7444	182_clan
clu_11546	183_clan
clu_6043	183_clan
clu_4819	183_clan
clu_16809	184_clan
clu_16825	184_clan
clu_5170	184_clan
clu_14876	185_clan
clu_3766	185_clan
clu_2738	185_clan
clu_7561	186_clan
clu_13763	186_clan
clu_13735	186_clan
clu_17106	187_clan
clu_380	187_clan
clu_17666	187_clan
clu_7536	188_clan
clu_15937	188_clan
clu_8095	188_clan
clu_5844	189_clan
clu_8477	189_clan
clu_2883	189_clan
clu_11626	190_clan
clu_16398	190_clan
clu_4358	190_clan
clu_11040	191_clan
clu_9283	191_clan
clu_12129	191_clan
clu_14264	191_clan
clu_10592	192_clan
clu_9729	192_clan
clu_228	192_clan
clu_2658	193_clan
clu_4924	193_clan
clu_10545	193_clan
clu_7873	194_clan
clu_2500	194_clan
clu_2924	194_clan
clu_15489	195_clan
clu_2567	195_clan
clu_2008	195_clan
clu_12408	196_clan
clu_16209	196_clan
clu_521	197_clan
clu_399	197_clan
clu_11139	197_clan
clu_1523	198_clan
clu_3175	199_clan
clu_17533	200_pair
clu_1419	200_pair
clu_5028	201_pair
clu_9930	201_pair
clu_5180	202_pair
clu_13633	202_pair
clu_16699	203_pair
clu_12034	203_pair
clu_2137	204_pair
clu_10524	204_pair
clu_1750	205_pair
clu_14207	205_pair
clu_9595	206_pair
clu_6890	206_pair
clu_12713	207_pair
clu_12291	207_pair
clu_17522	208_pair
clu_10674	208_pair
clu_1704	209_pair
clu_12407	209_pair
clu_9953	210_pair
clu_4315	210_pair
clu_2564	211_pair
clu_16503	211_pair
clu_8109	212_pair
clu_1922	212_pair
clu_1068	213_pair
clu_11536	213_pair
clu_14222	214_pair
clu_6220	214_pair
clu_1684	215_pair
clu_5269	215_pair
clu_10007	216_pair
clu_13269	216_pair
clu_12934	217_pair
clu_14186	217_pair
clu_4347	218_pair
clu_17108	218_pair
clu_8953	219_pair
clu_12360	219_pair
clu_10061	220_pair
clu_10071	220_pair
clu_13492	221_pair
clu_12554	221_pair
clu_12491	222_pair
clu_1737	222_pair
clu_6063	223_pair
clu_7299	223_pair
clu_6458	224_pair
clu_16135	224_pair
clu_9440	225_pair
clu_11047	225_pair
clu_9935	226_pair
clu_487	226_pair
clu_5577	227_pair
clu_7824	227_pair
clu_12322	228_pair
clu_13539	228_pair
clu_4374	229_pair
clu_8128	229_pair
clu_9693	230_pair
clu_683	230_pair
clu_13444	231_pair
clu_6321	231_pair
clu_6058	232_pair
clu_13873	232_pair
clu_1637	233_pair
clu_14956	233_pair
clu_6834	234_pair
clu_4545	234_pair
clu_632	235_pair
clu_5297	235_pair
clu_972	236_pair
clu_14825	236_pair
clu_15169	237_pair
clu_6286	237_pair
clu_17254	238_pair
clu_17659	238_pair
clu_7596	239_pair
clu_10914	239_pair
clu_13857	240_pair
clu_12256	240_pair
clu_7789	241_pair
clu_3772	241_pair
clu_12756	242_pair
clu_3255	242_pair
clu_3245	243_pair
clu_8882	243_pair
clu_5502	244_pair
clu_14947	244_pair
clu_1406	245_pair
clu_11381	245_pair
clu_5838	246_pair
clu_3080	246_pair
clu_9127	247_pair
clu_2831	247_pair
clu_221	248_pair
clu_5635	248_pair
clu_9129	249_pair
clu_3177	249_pair
clu_14144	250_pair
clu_11268	250_pair
clu_6361	251_pair
clu_1864	251_pair
clu_12380	252_pair
clu_11822	252_pair
clu_6135	253_pair
clu_16635	253_pair
clu_7168	254_pair
clu_899	254_pair
clu_11004	255_pair
clu_1033	255_pair
clu_11448	256_pair
clu_5301	256_pair
clu_5466	257_pair
clu_15761	257_pair
clu_558	258_pair
clu_3805	258_pair
clu_1950	259_pair
clu_5738	259_pair
clu_975	260_pair
clu_15016	260_pair
clu_513	261_pair
clu_917	261_pair
clu_6028	262_pair
clu_13288	262_pair
clu_7591	263_pair
clu_16032	263_pair
clu_8928	264_pair
clu_937	264_pair
clu_16206	265_pair
clu_12332	265_pair
clu_2716	266_pair
clu_5922	266_pair
clu_3836	267_pair
clu_17237	267_pair
clu_8370	268_pair
clu_9310	268_pair
clu_16117	269_pair
clu_14327	269_pair
clu_735	270_pair
clu_9551	270_pair
clu_7456	271_pair
clu_1297	271_pair
clu_2357	272_pair
clu_2902	272_pair
clu_4647	273_pair
clu_8957	273_pair
clu_7128	274_pair
clu_17163	274_pair
clu_11056	275_pair
clu_5515	275_pair
clu_17612	276_pair
clu_3792	276_pair
clu_7074	277_pair
clu_10973	277_pair
clu_7869	278_pair
clu_15657	278_pair
clu_14990	279_pair
clu_16498	279_pair
clu_6556	280_pair
clu_2602	280_pair
clu_8398	281_pair
clu_9792	281_pair
clu_13073	282_pair
clu_3473	282_pair
clu_8557	283_pair
clu_10910	283_pair
clu_13	284_pair
clu_12990	284_pair
clu_4353	285_pair
clu_14142	285_pair
clu_4895	286_pair
clu_10401	286_pair
clu_13274	287_pair
clu_2016	287_pair
clu_1993	288_pair
clu_4523	288_pair
clu_13543	289_pair
clu_16983	289_pair
clu_3688	290_pair
clu_6237	290_pair
clu_3321	291_pair
clu_13852	291_pair
clu_22	292_pair
clu_12532	292_pair
clu_16550	293_pair
clu_11476	293_pair
clu_9344	294_pair
clu_14897	294_pair
clu_16895	295_pair
clu_10266	295_pair
clu_11542	296_pair
clu_13776	296_pair
clu_9229	297_pair
clu_11261	297_pair
clu_11554	298_pair
clu_7006	298_pair
clu_3882	299_pair
clu_1607	299_pair
clu_17587	300_pair
clu_582	300_pair
clu_15024	301_pair
clu_4937	301_pair
clu_15157	302_pair
clu_8589	302_pair
clu_1487	303_pair
clu_1672	303_pair
clu_15873	304_pair
clu_9564	304_pair
clu_6736	305_pair
clu_4059	305_pair
clu_6607	306_pair
clu_12107	306_pair
clu_16900	307_pair
clu_2130	307_pair
clu_17401	308_pair
clu_1814	308_pair
clu_6615	309_pair
clu_2721	309_pair
clu_11263	310_pair
clu_10135	310_pair
clu_14931	311_pair
clu_17632	311_pair
clu_8966	312_pair
clu_709	312_pair
clu_5772	313_pair
clu_5748	313_pair
clu_13611	314_pair
clu_2824	314_pair
clu_13174	315_pair
clu_16519	315_pair
clu_10856	316_pair
clu_10676	316_pair
clu_7332	317_pair
clu_9644	317_pair
clu_11127	318_pair
clu_2557	318_pair
clu_6217	319_pair
clu_13089	319_pair
clu_9936	320_pair
clu_4270	320_pair
clu_15651	321_pair
clu_4140	321_pair
clu_2635	322_pair
clu_11717	322_pair
clu_14275	323_pair
clu_373	323_pair
clu_16536	324_pair
clu_4832	324_pair
clu_16678	325_pair
clu_14288	325_pair
clu_8834	326_pair
clu_4222	326_pair
clu_9407	327_pair
clu_6473	327_pair
clu_299	328_pair
clu_13229	328_pair
clu_12885	329_pair
clu_6069	329_pair
clu_16941	330_pair
clu_9081	330_pair
clu_13169	331_pair
clu_9356	331_pair
clu_11392	332_pair
clu_566	332_pair
clu_7055	333_pair
clu_1036	333_pair
clu_1357	334_pair
clu_1887	334_pair
clu_9317	335_pair
clu_13188	335_pair
clu_15968	336_pair
clu_4954	336_pair
clu_16737	337_pair
clu_10043	337_pair
clu_4757	338_pair
clu_6793	338_pair
clu_12472	339_pair
clu_11907	339_pair
clu_4459	340_pair
clu_5018	340_pair
clu_5569	341_pair
clu_7032	341_pair
clu_10981	342_pair
clu_17842	342_pair
clu_452	343_pair
clu_11012	343_pair
clu_6623	344_pair
clu_14994	344_pair
clu_17712	345_pair
clu_15390	345_pair
clu_12438	346_pair
clu_6713	346_pair
clu_10803	347_pair
clu_2932	347_pair
clu_2571	348_pair
clu_1474	348_pair
clu_8275	349_pair
clu_8371	349_pair
clu_16441	350_pair
clu_14039	350_pair
clu_15201	351_pair
clu_3520	351_pair
clu_6322	352_pair
clu_7458	352_pair
clu_9784	353_pair
clu_16321	353_pair
clu_8449	354_pair
clu_7371	354_pair
clu_4024	355_pair
clu_3047	355_pair
clu_865	356_pair
clu_9250	356_pair
clu_14191	357_pair
clu_15305	357_pair
clu_13210	358_pair
clu_7035	358_pair
clu_10464	359_pair
clu_10552	359_pair
clu_6194	360_pair
clu_168	360_pair
clu_12251	361_pair
clu_17763	361_pair
clu_10967	362_pair
clu_6930	362_pair
clu_17186	363_pair
clu_17446	363_pair
clu_2891	364_pair
clu_16355	364_pair
clu_8917	365_pair
clu_16425	365_pair
clu_14137	366_pair
clu_15150	366_pair
clu_13095	367_pair
clu_12425	367_pair
clu_13941	368_pair
clu_12051	368_pair
clu_9661	369_pair
clu_2476	369_pair
clu_16072	370_pair
clu_15078	370_pair
clu_7466	371_pair
clu_7886	371_pair
clu_13292	372_pair
clu_5355	372_pair
clu_134	373_pair
clu_1695	373_pair
clu_16326	374_pair
clu_8522	374_pair
clu_10933	375_pair
clu_2026	375_pair
clu_10417	376_pair
clu_3259	376_pair
clu_16869	377_pair
clu_15224	377_pair
clu_4578	378_pair
clu_14637	378_pair
clu_7817	379_pair
clu_1409	379_pair
clu_2385	380_pair
clu_16068	380_pair
clu_15977	381_pair
clu_3639	381_pair
clu_8555	382_pair
clu_15193	382_pair
clu_16830	383_pair
clu_5597	383_pair
clu_6779	384_pair
clu_13614	384_pair
clu_11688	385_pair
clu_9912	385_pair
clu_4052	386_pair
clu_5737	386_pair
clu_12184	387_pair
clu_13284	387_pair
clu_5010	388_pair
clu_1517	388_pair
clu_8677	389_pair
clu_2263	389_pair
clu_12965	390_pair
clu_10332	390_pair
clu_16107	391_pair
clu_4273	391_pair
clu_6568	392_pair
clu_5437	392_pair
clu_343	393_pair
clu_15404	393_pair
clu_4398	394_pair
clu_869	394_pair
clu_14293	395_pair
clu_10932	395_pair
clu_9294	396_pair
clu_16162	396_pair
clu_17536	397_pair
clu_638	397_pair
clu_7278	398_pair
clu_14676	398_pair
clu_2251	399_pair
clu_16959	399_pair
clu_17453	400_pair
clu_11382	400_pair
clu_14089	401_pair
clu_8108	401_pair
clu_12347	402_pair
clu_10747	402_pair
clu_8875	403_pair
clu_15997	403_pair
clu_1920	404_pair
clu_2837	404_pair
clu_3135	405_pair
clu_12198	405_pair
clu_15198	406_pair
clu_15835	406_pair
clu_4464	407_pair
clu_8790	407_pair
clu_88	408_pair
clu_9624	408_pair
clu_23	409_pair
clu_2843	409_pair
clu_12665	410_pair
clu_7082	410_pair
clu_13632	411_pair
clu_259	411_pair
clu_3453	412_pair
clu_1171	412_pair
clu_12611	413_pair
clu_9904	413_pair
clu_17412	414_pair
clu_8815	414_pair
clu_8076	415_pair
clu_6264	415_pair
clu_4609	416_pair
clu_12477	416_pair
clu_13872	417_pair
clu_17682	417_pair
clu_9496	418_pair
clu_13753	418_pair
clu_11239	419_pair
clu_5033	419_pair
clu_2605	420_pair
clu_10611	420_pair
clu_6418	421_pair
clu_622	421_pair
clu_15403	422_pair
clu_14848	422_pair
clu_12321	423_pair
clu_10150	423_pair
clu_16269	424_pair
clu_59	424_pair
clu_2293	425_pair
clu_14106	425_pair
clu_4340	426_pair
clu_3664	426_pair
clu_6771	427_pair
clu_1129	427_pair
clu_17558	428_pair
clu_11452	428_pair
clu_2858	429_pair
clu_13636	429_pair
clu_14855	430_pair
clu_6104	430_pair
clu_1884	431_pair
clu_2875	431_pair
clu_12992	432_pair
clu_14258	432_pair
clu_9404	433_pair
clu_14946	433_pair
clu_17651	434_pair
clu_15350	434_pair
clu_15612	435_pair
clu_9832	435_pair
clu_3124	436_pair
clu_5995	436_pair
clu_10905	outlier: 4_clan
clu_11297	outlier: 3_clan
clu_1230	bridge: outlier: 3_clan, 3_clan, 3_clan
clu_12777	outlier: 1_clan
clu_7322	outlier: 17_clan
clu_17088	outlier
clu_17088	outlier: 1_clan
clu_13046	outlier
clu_13046	outlier: 1_clan
clu_15706	outlier: 17_clan
clu_7277	outlier: 15_clan
clu_1142	bridge: 3_clan, 3_clan, 3_clan, 3_clan, 3_clan, 3_clan, 3_clan
clu_40	outlier: 17_clan
clu_12003	bridge: 2_clan, 2_clan, 2_clan
clu_12799	outlier: 2_clan
clu_1990	bridge: 2_clan, 2_clan, outlier: 2_clan, 2_clan, 2_clan
clu_2561	bridge: 19_clan, 19_clan
clu_16557	outlier: 100_clan
clu_17321	bridge: 15_clan, 15_clan
clu_326	bridge: 4_clan, 8_clan, 8_clan, 8_clan
clu_17230	outlier: 1_clan
clu_2648	outlier: 72_clan
clu_14602	outlier: 67_clan
clu_16333	outlier: 26_clan
clu_16645	outlier: 24_clan
clu_1030	outlier: 34_clan
clu_17805	bridge: 1_clan, 1_clan, 1_clan, 1_clan, 1_clan, 1_clan, 1_clan, 1_clan, 1_clan, 1_clan, 1_clan, 1_clan, 1_clan
clu_1032	outlier: 43_clan
clu_7069	outlier: 43_clan
clu_7404	bridge: 2_clan, 2_clan, 2_clan, 2_clan, 2_clan
clu_15581	outlier: 13_clan
clu_1811	outlier: 27_clan
clu_17735	outlier: 1_clan
clu_7259	outlier
clu_7259	outlier: 43_clan
clu_16043	outlier
clu_9725	outlier: 27_clan
clu_5175	outlier: 1_clan
clu_8943	outlier: 19_clan
clu_2784	outlier: 40_clan
clu_8987	outlier: 28_clan
clu_6719	bridge: 3_clan, 3_clan
clu_7718	outlier: 34_clan
clu_8057	outlier: 3_clan
clu_4662	bridge: 12_clan, 3_clan
clu_14552	outlier: 1_clan
clu_5588	outlier: 62_clan
clu_12959	outlier: 48_clan
clu_9168	outlier: 21_clan
clu_14131	outlier: 21_clan
clu_17128	outlier
clu_15066	outlier
clu_15066	outlier: 37_clan
clu_6871	outlier: 5_clan
clu_8717	outlier: 83_clan
clu_5631	outlier: 73_clan
clu_12127	outlier: outlier: 40_clan
clu_8824	outlier: 39_clan
clu_15622	bridge: 13_clan, 13_clan
clu_7160	outlier: 1_clan
clu_13907	outlier: 1_clan
clu_9437	outlier: 1_clan
clu_3170	bridge: 1_clan, outlier: 1_clan, 1_clan, 1_clan, 1_clan, outlier: 1_clan
clu_9500	bridge: 5_clan, 5_clan
clu_10689	outlier: 84_clan
clu_14235	outlier: 54_clan
clu_416	outlier: 37_clan
clu_13254	outlier: outlier: 37_clan
clu_13110	bridge: 19_clan, 19_clan
clu_13846	bridge: 1_clan, 1_clan
clu_12901	outlier: 2_clan
clu_1465	outlier: 1_clan
clu_5454	outlier: 16_clan
clu_17353	outlier: 17_clan
clu_14199	bridge: 2_clan, 2_clan, 2_clan
clu_2407	bridge: 23_clan, 23_clan
clu_7771	outlier: 74_clan
clu_16782	outlier: 38_clan
clu_11280	outlier: 15_clan
clu_6451	outlier: 56_clan
clu_5545	outlier: 90_clan
clu_9487	outlier: 100_clan
clu_16351	bridge: 26_clan, 26_clan
clu_9846	outlier: 45_clan
clu_7907	bridge: 28_clan, 3_clan
clu_16230	outlier: outlier: 15_clan
clu_17630	bridge: 6_clan, 6_clan
clu_17557	outlier: outlier: 27_clan
clu_9425	bridge: 17_clan, 24_clan
clu_2815	outlier: 80_clan
clu_229	outlier: 79_clan
clu_302	outlier: 83_clan
clu_2233	bridge: 16_clan, 16_clan
clu_3896	outlier: 44_clan
clu_15655	outlier: 10_clan
clu_10445	437_mono
clu_13842	438_mono
clu_10693	439_mono
clu_16602	440_mono
clu_15170	441_mono
clu_6137	442_mono
clu_377	443_mono
clu_7769	444_mono
clu_7122	445_mono
clu_10708	446_mono
clu_13674	447_mono
clu_10891	448_mono
clu_10323	449_mono
clu_8289	450_mono
clu_2161	451_mono
clu_595	452_mono
clu_3488	453_mono
clu_1095	454_mono
clu_481	455_mono
clu_10607	456_mono
clu_2332	457_mono
clu_11458	458_mono
clu_146	459_mono
clu_5206	460_mono
clu_11120	461_mono
clu_13003	462_mono
clu_11445	463_mono
clu_2350	464_mono
clu_15772	465_mono
clu_4813	466_mono
clu_12413	467_mono
clu_10556	468_mono
clu_15549	469_mono
clu_5812	470_mono
clu_3169	471_mono
clu_11696	472_mono
clu_6957	473_mono
clu_1258	474_mono
clu_3494	475_mono
clu_32	476_mono
clu_14474	477_mono
clu_13200	478_mono
clu_2509	479_mono
clu_7437	480_mono
clu_12688	481_mono
clu_11753	482_mono
clu_1579	483_mono
clu_14592	484_mono
clu_13472	485_mono
clu_87	486_mono
clu_8277	487_mono
clu_170	488_mono
clu_9418	489_mono
clu_4951	490_mono
clu_6693	491_mono
clu_9929	492_mono
clu_15418	493_mono
clu_10918	494_mono
clu_8721	495_mono
clu_17802	496_mono
clu_2145	497_mono
clu_9038	498_mono
clu_3356	499_mono
clu_9675	500_mono
clu_17456	501_mono
clu_17835	502_mono
clu_6061	503_mono
clu_4525	504_mono
clu_124	505_mono
clu_15239	506_mono
clu_4373	507_mono
clu_9868	508_mono
clu_8814	509_mono
clu_6487	510_mono
clu_16208	511_mono
clu_2573	512_mono
clu_16487	513_mono
clu_13004	514_mono
clu_4928	515_mono
clu_4671	516_mono
clu_17483	517_mono
clu_16350	518_mono
clu_15666	519_mono
clu_13834	520_mono
clu_13026	521_mono
clu_3471	522_mono
clu_17464	523_mono
clu_10641	524_mono
clu_10083	525_mono
clu_13142	526_mono
clu_5218	527_mono
clu_1702	528_mono
clu_17161	529_mono
clu_6977	530_mono
clu_17435	531_mono
clu_13579	532_mono
clu_10176	533_mono
clu_8539	534_mono
clu_10771	535_mono
clu_3865	536_mono
clu_3838	537_mono
clu_8757	538_mono
clu_13328	539_mono
clu_4815	540_mono
clu_11419	541_mono
clu_14835	542_mono
clu_6120	543_mono
clu_13443	544_mono
clu_13858	545_mono
clu_12052	546_mono
clu_15763	547_mono
clu_6328	548_mono
clu_14678	549_mono
clu_5289	550_mono
clu_6571	551_mono
clu_16369	552_mono
clu_17278	553_mono
clu_2270	554_mono
clu_1177	555_mono
clu_12236	556_mono
clu_11535	557_mono
clu_31	558_mono
clu_5165	559_mono
clu_14795	560_mono
clu_14373	561_mono
clu_15203	562_mono
clu_1464	563_mono
clu_13915	564_mono
clu_12200	565_mono
clu_11701	566_mono
clu_11180	567_mono
clu_6362	568_mono
clu_5192	569_mono
clu_6847	570_mono
clu_9776	571_mono
clu_6662	572_mono
clu_15737	573_mono
clu_3018	574_mono
clu_6488	575_mono
clu_2322	576_mono
clu_5099	577_mono
clu_10673	578_mono
clu_5888	579_mono
clu_666	580_mono
clu_4314	581_mono
clu_8017	582_mono
clu_5613	583_mono
clu_1196	584_mono
clu_16056	585_mono
clu_8941	586_mono
clu_163	587_mono
clu_15719	588_mono
clu_17611	589_mono
clu_15031	590_mono
clu_1363	591_mono
clu_5220	592_mono
clu_7910	593_mono
clu_346	594_mono
clu_16286	595_mono
clu_10548	596_mono
clu_17491	597_mono
clu_16697	598_mono
clu_10014	599_mono
clu_2098	600_mono
clu_13207	601_mono
clu_16889	602_mono
clu_8654	603_mono
clu_4145	604_mono
clu_197	605_mono
clu_9165	606_mono
clu_11185	607_mono
clu_17826	608_mono
clu_14055	609_mono
clu_6887	610_mono
clu_16870	611_mono
clu_9466	612_mono
clu_12343	613_mono
clu_9674	614_mono
clu_493	615_mono
clu_1765	616_mono
clu_12201	617_mono
clu_2287	618_mono
clu_1267	619_mono
clu_17068	620_mono
clu_11946	621_mono
clu_4724	622_mono
clu_14271	623_mono
clu_867	624_mono
clu_5615	625_mono
clu_13502	626_mono
clu_14905	627_mono
clu_4274	628_mono
clu_8469	629_mono
clu_13976	630_mono
clu_7351	631_mono
clu_12047	632_mono
clu_12606	633_mono
clu_11128	634_mono
clu_2258	635_mono
clu_10627	636_mono
clu_17408	637_mono
clu_3153	638_mono
clu_4940	639_mono
clu_15647	640_mono
clu_16396	641_mono
clu_6899	642_mono
clu_15278	643_mono
clu_8056	644_mono
clu_9855	645_mono
clu_12587	646_mono
clu_12314	647_mono
clu_13315	648_mono
clu_15569	649_mono
clu_3498	650_mono
clu_779	651_mono
clu_14610	652_mono
clu_17203	653_mono
clu_16989	654_mono
clu_11404	655_mono
clu_16325	656_mono
clu_978	657_mono
clu_9032	658_mono
clu_14201	659_mono
clu_9453	660_mono
clu_11785	661_mono
clu_834	662_mono
clu_11685	663_mono
clu_12318	664_mono
clu_561	665_mono
clu_17815	666_mono
clu_14740	667_mono
clu_15177	668_mono
clu_2455	669_mono
clu_7061	670_mono
clu_10148	671_mono
clu_6094	672_mono
clu_15702	673_mono
clu_15196	674_mono
clu_10111	675_mono
clu_10004	676_mono
clu_17218	677_mono
clu_11716	678_mono
clu_3156	679_mono
clu_3221	680_mono
clu_12323	681_mono
clu_11432	682_mono
clu_16074	683_mono
clu_4710	684_mono
clu_15114	685_mono
clu_8772	686_mono
clu_14070	687_mono
clu_5302	688_mono
clu_3685	689_mono
clu_778	690_mono
clu_4162	691_mono
clu_6297	692_mono
clu_16891	693_mono
clu_11984	694_mono
clu_15653	695_mono
clu_17840	696_mono
clu_6009	697_mono
clu_586	698_mono
clu_1108	699_mono
clu_16311	700_mono
clu_280	701_mono
clu_9244	702_mono
clu_1304	703_mono
clu_5337	704_mono
clu_428	705_mono
clu_8451	706_mono
clu_13903	707_mono
clu_9656	708_mono
clu_1536	709_mono
clu_12679	710_mono
clu_1228	711_mono
clu_14860	712_mono
clu_16703	713_mono
clu_17005	714_mono
clu_16066	715_mono
clu_13430	716_mono
clu_4254	717_mono
clu_11103	718_mono
clu_11140	719_mono
clu_3653	720_mono
clu_12865	721_mono
clu_3377	722_mono
clu_11219	723_mono
clu_6671	724_mono
clu_14034	725_mono
clu_10702	726_mono
clu_9280	727_mono
clu_15672	728_mono
clu_6569	729_mono
clu_8627	730_mono
clu_70	731_mono
clu_12192	732_mono
clu_16312	733_mono
clu_4541	734_mono
clu_7331	735_mono
clu_11497	736_mono
clu_7648	737_mono
clu_2302	738_mono
clu_13461	739_mono
clu_8382	740_mono
clu_17392	741_mono
clu_9764	742_mono
clu_15315	743_mono
clu_654	744_mono
clu_16898	745_mono
clu_7430	746_mono
clu_2956	747_mono
clu_14361	748_mono
clu_10272	749_mono
clu_11396	750_mono
clu_16700	751_mono
clu_1728	752_mono
clu_63	753_mono
clu_1439	754_mono
clu_7860	755_mono
clu_15662	756_mono
clu_17159	757_mono
clu_1422	758_mono
clu_16731	759_mono
clu_15135	760_mono
clu_14577	761_mono
clu_3735	762_mono
clu_11841	763_mono
clu_15482	764_mono
clu_2470	765_mono
clu_501	766_mono
clu_12158	767_mono
clu_7434	768_mono
clu_14746	769_mono
clu_9765	770_mono
clu_14140	771_mono
clu_14726	772_mono
clu_6129	773_mono
clu_16777	774_mono
clu_16224	775_mono
clu_2201	776_mono
clu_3066	777_mono
clu_4382	778_mono
clu_7730	779_mono
clu_1639	780_mono
clu_13546	781_mono
clu_4053	782_mono
clu_12386	783_mono
clu_8367	784_mono
clu_14028	785_mono
clu_15260	786_mono
clu_3073	787_mono
clu_142	788_mono
clu_7845	789_mono
clu_2219	790_mono
clu_5181	791_mono
clu_17488	792_mono
clu_1299	793_mono
clu_5481	794_mono
clu_556	795_mono
clu_8853	796_mono
clu_12759	797_mono
clu_8606	798_mono
clu_9870	799_mono
clu_17395	800_mono
clu_9373	801_mono
clu_8292	802_mono
clu_1902	803_mono
clu_6211	804_mono
clu_10199	805_mono
clu_5997	806_mono
clu_3977	807_mono
clu_1740	808_mono
clu_2483	809_mono
clu_12463	810_mono
clu_13186	811_mono
clu_15788	812_mono
clu_427	813_mono
clu_2556	814_mono
clu_12058	815_mono
clu_2965	816_mono
clu_3206	817_mono
clu_6628	818_mono
clu_7604	819_mono
clu_942	820_mono
clu_674	821_mono
clu_1544	822_mono
clu_9838	823_mono
clu_11342	824_mono
clu_8141	825_mono
clu_7666	826_mono
clu_3660	827_mono
clu_9172	828_mono
clu_10528	829_mono
clu_2203	830_mono
clu_6158	831_mono
clu_6651	832_mono
clu_15992	833_mono
clu_7378	834_mono
clu_2760	835_mono
clu_223	836_mono
clu_12317	837_mono
clu_2445	838_mono
clu_9509	839_mono
clu_12419	840_mono
clu_3715	841_mono
clu_11232	842_mono
clu_10183	843_mono
clu_612	844_mono
clu_13496	845_mono
clu_6587	846_mono
clu_16207	847_mono
clu_3327	848_mono
clu_7918	849_mono
clu_14349	850_mono
clu_11807	851_mono
clu_12853	852_mono
clu_14080	853_mono
clu_7916	854_mono
clu_8534	855_mono
clu_114	856_mono
clu_94	857_mono
clu_9927	858_mono
clu_1591	859_mono
clu_16593	860_mono
clu_15516	861_mono
clu_10858	862_mono
clu_10446	863_mono
clu_2493	864_mono
clu_16980	865_mono
clu_10449	866_mono
clu_3324	867_mono
clu_5261	868_mono
clu_11329	869_mono
clu_6284	870_mono
clu_1968	871_mono
clu_7459	872_mono
clu_11708	873_mono
clu_5903	874_mono
clu_9893	875_mono
clu_2931	876_mono
clu_10791	877_mono
clu_350	878_mono
clu_13317	879_mono
clu_17764	880_mono
clu_12938	881_mono
clu_12912	882_mono
clu_10094	883_mono
clu_11954	884_mono
clu_10613	885_mono
clu_9794	886_mono
clu_3750	887_mono
clu_6338	888_mono
clu_9596	889_mono
clu_15583	890_mono
clu_9031	891_mono
clu_12854	892_mono
clu_17561	893_mono
clu_5990	894_mono
clu_1288	895_mono
clu_15310	896_mono
clu_15117	897_mono
clu_17432	898_mono
clu_12121	899_mono
clu_8150	900_mono
clu_495	901_mono
clu_17168	902_mono
clu_2984	903_mono
clu_12602	904_mono
clu_6508	905_mono
clu_673	906_mono
clu_3361	907_mono
clu_3543	908_mono
clu_10140	909_mono
clu_8687	910_mono
clu_16303	911_mono
clu_1021	912_mono
clu_8319	913_mono
clu_17181	914_mono
clu_15379	915_mono
clu_10152	916_mono
clu_16850	917_mono
clu_6770	918_mono
clu_1847	919_mono
clu_11653	920_mono
clu_8992	921_mono
clu_807	922_mono
clu_9354	923_mono
clu_9028	924_mono
clu_9521	925_mono
clu_16791	926_mono
clu_12957	927_mono
clu_13276	928_mono
clu_15134	929_mono
clu_14099	930_mono
clu_3225	931_mono
clu_418	932_mono
clu_928	933_mono
clu_5680	934_mono
clu_10522	935_mono
clu_16367	936_mono
clu_3988	937_mono
clu_2901	938_mono
clu_12263	939_mono
clu_11473	940_mono
clu_273	941_mono
clu_9262	942_mono
clu_16927	943_mono
clu_2909	944_mono
clu_13913	945_mono
clu_12382	946_mono
clu_8143	947_mono
clu_9126	948_mono
clu_9035	949_mono
clu_359	950_mono
clu_3719	951_mono
clu_3576	952_mono
clu_11466	953_mono
clu_1583	954_mono
clu_3512	955_mono
clu_3440	956_mono
clu_5533	957_mono
clu_17721	958_mono
clu_10788	959_mono
clu_3941	960_mono
clu_15108	961_mono
clu_12138	962_mono
clu_3042	963_mono
clu_13535	964_mono
clu_10935	965_mono
clu_4694	966_mono
clu_12845	967_mono
clu_8671	968_mono
clu_15465	969_mono
clu_14204	970_mono
clu_472	971_mono
clu_4873	972_mono
clu_12436	973_mono
clu_17206	974_mono
clu_4898	975_mono
clu_3076	976_mono
clu_13354	977_mono
clu_1529	978_mono
clu_11919	979_mono
clu_531	980_mono
clu_9449	981_mono
clu_7136	982_mono
clu_17192	983_mono
clu_9511	984_mono
clu_7129	985_mono
clu_14593	986_mono
clu_184	987_mono
clu_3563	988_mono
clu_7161	989_mono
clu_6116	990_mono
clu_10245	991_mono
clu_13555	992_mono
clu_17662	993_mono
clu_5794	994_mono
clu_4203	995_mono
clu_15247	996_mono
clu_12482	997_mono
clu_1730	998_mono
clu_10534	999_mono
clu_9311	1000_mono
clu_5499	1001_mono
clu_14545	1002_mono
clu_9116	1003_mono
clu_7924	1004_mono
clu_12024	1005_mono
clu_6324	1006_mono
clu_15648	1007_mono
clu_1255	1008_mono
clu_11347	1009_mono
clu_16620	1010_mono
clu_1556	1011_mono
clu_3382	1012_mono
clu_10919	1013_mono
clu_17172	1014_mono
clu_17325	1015_mono
clu_8453	1016_mono
clu_16934	1017_mono
clu_1911	1018_mono
clu_2507	1019_mono
clu_14700	1020_mono
clu_3126	1021_mono
clu_1096	1022_mono
clu_12757	1023_mono
clu_15836	1024_mono
clu_14666	1025_mono
clu_1688	1026_mono
clu_2942	1027_mono
clu_4461	1028_mono
clu_13713	1029_mono
clu_11640	1030_mono
clu_2324	1031_mono
clu_4633	1032_mono
clu_3188	1033_mono
clu_7936	1034_mono
clu_4607	1035_mono
clu_577	1036_mono
clu_7530	1037_mono
clu_6345	1038_mono
clu_6612	1039_mono
clu_3418	1040_mono
clu_7157	1041_mono
clu_9142	1042_mono
clu_10374	1043_mono
clu_16583	1044_mono
clu_10572	1045_mono
clu_7045	1046_mono
clu_15195	1047_mono
clu_8299	1048_mono
clu_3859	1049_mono
clu_7118	1050_mono
clu_15739	1051_mono
clu_1232	1052_mono
clu_5374	1053_mono
clu_2073	1054_mono
clu_14702	1055_mono
clu_11756	1056_mono
clu_17335	1057_mono
clu_12956	1058_mono
clu_6233	1059_mono
clu_15215	1060_mono
clu_9301	1061_mono
clu_11529	1062_mono
clu_14532	1063_mono
clu_9089	1064_mono
clu_3152	1065_mono
clu_7569	1066_mono
clu_5587	1067_mono
clu_17096	1068_mono
clu_6298	1069_mono
clu_7245	1070_mono
clu_17512	1071_mono
clu_4084	1072_mono
clu_16925	1073_mono
clu_8738	1074_mono
clu_17448	1075_mono
clu_247	1076_mono
clu_5779	1077_mono
clu_15840	1078_mono
clu_12199	1079_mono
clu_1188	1080_mono
clu_15277	1081_mono
clu_7203	1082_mono
clu_4086	1083_mono
clu_17342	1084_mono
clu_3775	1085_mono
clu_4219	1086_mono
clu_8244	1087_mono
clu_1967	1088_mono
clu_3524	1089_mono
clu_8954	1090_mono
clu_16340	1091_mono
clu_5618	1092_mono
clu_5061	1093_mono
clu_2657	1094_mono
clu_11608	1095_mono
clu_5828	1096_mono
clu_3857	1097_mono
clu_8288	1098_mono
clu_7733	1099_mono
clu_15773	1100_mono
clu_8473	1101_mono
clu_806	1102_mono
clu_10527	1103_mono
clu_3756	1104_mono
clu_3779	1105_mono
clu_6469	1106_mono
clu_10074	1107_mono
clu_9925	1108_mono
clu_10652	1109_mono
clu_12446	1110_mono
clu_7674	1111_mono
clu_4595	1112_mono
clu_839	1113_mono
clu_1031	1114_mono
clu_1813	1115_mono
clu_10357	1116_mono
clu_2038	1117_mono
clu_12952	1118_mono
clu_9329	1119_mono
clu_14618	1120_mono
clu_10378	1121_mono
clu_16952	1122_mono
clu_14555	1123_mono
clu_15790	1124_mono
clu_5456	1125_mono
clu_4436	1126_mono
clu_1599	1127_mono
clu_15144	1128_mono
clu_11028	1129_mono
clu_2156	1130_mono
clu_5823	1131_mono
clu_15726	1132_mono
clu_6064	1133_mono
clu_3068	1134_mono
clu_11102	1135_mono
clu_1485	1136_mono
clu_9834	1137_mono
clu_4186	1138_mono
clu_115	1139_mono
clu_15264	1140_mono
clu_661	1141_mono
clu_6704	1142_mono
clu_4852	1143_mono
clu_10085	1144_mono
clu_9491	1145_mono
clu_2823	1146_mono
clu_11678	1147_mono
clu_12353	1148_mono
clu_6551	1149_mono
clu_11850	1150_mono
clu_14869	1151_mono
clu_10881	1152_mono
clu_7521	1153_mono
clu_15856	1154_mono
clu_9593	1155_mono
clu_13411	1156_mono
clu_570	1157_mono
clu_5882	1158_mono
clu_11479	1159_mono
clu_4304	1160_mono
clu_222	1161_mono
clu_7971	1162_mono
clu_15148	1163_mono
clu_4956	1164_mono
clu_14365	1165_mono
clu_317	1166_mono
clu_17053	1167_mono
clu_6122	1168_mono
clu_5700	1169_mono
clu_8821	1170_mono
clu_13448	1171_mono
clu_1484	1172_mono
clu_17296	1173_mono
clu_14612	1174_mono
clu_10710	1175_mono
clu_2446	1176_mono
clu_5143	1177_mono
clu_15779	1178_mono
clu_12168	1179_mono
clu_7166	1180_mono
clu_8803	1181_mono
clu_1217	1182_mono
clu_360	1183_mono
clu_4209	1184_mono
clu_15775	1185_mono
clu_1601	1186_mono
clu_4763	1187_mono
clu_12725	1188_mono
clu_2209	1189_mono
clu_3172	1190_mono
clu_5497	1191_mono
clu_12414	1192_mono
clu_14559	1193_mono
clu_12940	1194_mono
clu_5388	1195_mono
clu_15400	1196_mono
clu_15253	1197_mono
clu_5510	1198_mono
clu_8008	1199_mono
clu_4092	1200_mono
clu_13147	1201_mono
clu_11354	1202_mono
clu_1499	1203_mono
clu_8888	1204_mono
clu_4435	1205_mono
clu_16501	1206_mono
clu_13150	1207_mono
clu_3233	1208_mono
clu_2632	1209_mono
clu_17565	1210_mono
clu_13093	1211_mono
clu_8207	1212_mono
clu_9265	1213_mono
clu_14272	1214_mono
clu_13827	1215_mono
clu_10794	1216_mono
clu_1725	1217_mono
clu_6798	1218_mono
clu_6578	1219_mono
clu_8675	1220_mono
clu_11634	1221_mono
clu_11438	1222_mono
clu_12156	1223_mono
clu_8163	1224_mono
clu_131	1225_mono
clu_4250	1226_mono
clu_14671	1227_mono
clu_10123	1228_mono
clu_6174	1229_mono
clu_12997	1230_mono
clu_669	1231_mono
clu_10499	1232_mono
clu_2535	1233_mono
clu_16124	1234_mono
clu_5230	1235_mono
clu_13417	1236_mono
clu_748	1237_mono
clu_457	1238_mono
clu_10880	1239_mono
clu_324	1240_mono
clu_6563	1241_mono
clu_2576	1242_mono
clu_8560	1243_mono
clu_17174	1244_mono
clu_5702	1245_mono
clu_17550	1246_mono
clu_3070	1247_mono
clu_8784	1248_mono
clu_6272	1249_mono
clu_5950	1250_mono
clu_7849	1251_mono
clu_15587	1252_mono
clu_14219	1253_mono
clu_11	1254_mono
clu_3021	1255_mono
clu_2841	1256_mono
clu_1181	1257_mono
clu_12706	1258_mono
clu_9093	1259_mono
clu_2468	1260_mono
clu_4172	1261_mono
clu_4474	1262_mono
clu_12977	1263_mono
clu_16766	1264_mono
clu_10637	1265_mono
clu_3161	1266_mono
clu_15990	1267_mono
clu_17736	1268_mono
clu_2238	1269_mono
clu_1348	1270_mono
clu_331	1271_mono
clu_15474	1272_mono
clu_10936	1273_mono
clu_7603	1274_mono
clu_15951	1275_mono
clu_3974	1276_mono
clu_13599	1277_mono
clu_9980	1278_mono
clu_1425	1279_mono
clu_8188	1280_mono
clu_11049	1281_mono
clu_15959	1282_mono
clu_17418	1283_mono
clu_3910	1284_mono
clu_8155	1285_mono
clu_4645	1286_mono
clu_10151	1287_mono
clu_16122	1288_mono
clu_4272	1289_mono
clu_17535	1290_mono
clu_5432	1291_mono
clu_13202	1292_mono
clu_17324	1293_mono
clu_10144	1294_mono
clu_6733	1295_mono
clu_6599	1296_mono
clu_15649	1297_mono
clu_2379	1298_mono
clu_9339	1299_mono
clu_4879	1300_mono
clu_3921	1301_mono
clu_6927	1302_mono
clu_691	1303_mono
clu_2848	1304_mono
clu_2143	1305_mono
clu_2579	1306_mono
clu_11515	1307_mono
clu_15787	1308_mono
clu_2278	1309_mono
clu_12441	1310_mono
clu_7852	1311_mono
clu_8448	1312_mono
clu_7255	1313_mono
clu_12030	1314_mono
clu_12770	1315_mono
clu_1305	1316_mono
clu_11456	1317_mono
clu_10955	1318_mono
clu_17148	1319_mono
clu_727	1320_mono
clu_13970	1321_mono
clu_5898	1322_mono
clu_11005	1323_mono
clu_5933	1324_mono
clu_12296	1325_mono
clu_13078	1326_mono
clu_17157	1327_mono
clu_5729	1328_mono
clu_16495	1329_mono
clu_2988	1330_mono
clu_16078	1331_mono
clu_7770	1332_mono
clu_14681	1333_mono
clu_12172	1334_mono
clu_9331	1335_mono
clu_7682	1336_mono
clu_17750	1337_mono
clu_15745	1338_mono
clu_8047	1339_mono
clu_17541	1340_mono
clu_1178	1341_mono
clu_13824	1342_mono
clu_11130	1343_mono
clu_10887	1344_mono
clu_10259	1345_mono
clu_14339	1346_mono
clu_12400	1347_mono
clu_13372	1348_mono
clu_13249	1349_mono
clu_15684	1350_mono
clu_1185	1351_mono
clu_17547	1352_mono
clu_8752	1353_mono
clu_7590	1354_mono
clu_8475	1355_mono
clu_5003	1356_mono
clu_9271	1357_mono
clu_14960	1358_mono
clu_16448	1359_mono
clu_16201	1360_mono
clu_7263	1361_mono
clu_14322	1362_mono
clu_3117	1363_mono
clu_8048	1364_mono
clu_17855	1365_mono
clu_13821	1366_mono
clu_8702	1367_mono
clu_17355	1368_mono
clu_6128	1369_mono
clu_13708	1370_mono
clu_15344	1371_mono
clu_2343	1372_mono
clu_9512	1373_mono
clu_15818	1374_mono
clu_13255	1375_mono
clu_3713	1376_mono
clu_6260	1377_mono
clu_7416	1378_mono
clu_6813	1379_mono
clu_11901	1380_mono
clu_11122	1381_mono
clu_2299	1382_mono
clu_17327	1383_mono
clu_1024	1384_mono
clu_8408	1385_mono
clu_157	1386_mono
clu_11286	1387_mono
clu_8963	1388_mono
clu_9135	1389_mono
clu_14277	1390_mono
clu_15062	1391_mono
clu_4935	1392_mono
clu_1307	1393_mono
clu_8623	1394_mono
clu_1121	1395_mono
clu_13988	1396_mono
clu_1799	1397_mono
clu_11269	1398_mono
clu_4762	1399_mono
clu_11680	1400_mono
clu_6319	1401_mono
clu_12053	1402_mono
clu_14019	1403_mono
clu_11849	1404_mono
clu_8887	1405_mono
clu_610	1406_mono
clu_2035	1407_mono
clu_15152	1408_mono
clu_45	1409_mono
clu_6486	1410_mono
clu_13056	1411_mono
clu_17051	1412_mono
clu_6472	1413_mono
clu_2547	1414_mono
clu_16865	1415_mono
clu_14498	1416_mono
clu_12652	1417_mono
clu_7137	1418_mono
clu_8335	1419_mono
clu_13454	1420_mono
clu_8100	1421_mono
clu_7115	1422_mono
clu_17	1423_mono
clu_7333	1424_mono
clu_5235	1425_mono
clu_8607	1426_mono
clu_3489	1427_mono
clu_11796	1428_mono
clu_15197	1429_mono
clu_9364	1430_mono
clu_11399	1431_mono
clu_12191	1432_mono
clu_96	1433_mono
clu_15387	1434_mono
clu_7980	1435_mono
clu_750	1436_mono
clu_7083	1437_mono
clu_6326	1438_mono
clu_7425	1439_mono
clu_7000	1440_mono
clu_11493	1441_mono
clu_17243	1442_mono
clu_1767	1443_mono
clu_17732	1444_mono
clu_3721	1445_mono
clu_110	1446_mono
clu_8616	1447_mono
clu_1952	1448_mono
clu_15229	1449_mono
clu_1415	1450_mono
clu_17644	1451_mono
clu_13542	1452_mono
clu_10839	1453_mono
clu_10287	1454_mono
clu_3504	1455_mono
clu_5498	1456_mono
clu_10698	1457_mono
clu_2022	1458_mono
clu_10957	1459_mono
clu_17289	1460_mono
clu_11724	1461_mono
clu_2654	1462_mono
clu_12689	1463_mono
clu_4781	1464_mono
clu_1338	1465_mono
clu_10079	1466_mono
clu_6231	1467_mono
clu_14634	1468_mono
clu_14646	1469_mono
clu_329	1470_mono
clu_15504	1471_mono
clu_7124	1472_mono
clu_10575	1473_mono
clu_9268	1474_mono
clu_13910	1475_mono
clu_16650	1476_mono
clu_9625	1477_mono
clu_4229	1478_mono
clu_2180	1479_mono
clu_14550	1480_mono
clu_15721	1481_mono
clu_3533	1482_mono
clu_1904	1483_mono
clu_3116	1484_mono
clu_16233	1485_mono
clu_7934	1486_mono
clu_5156	1487_mono
clu_4679	1488_mono
clu_15661	1489_mono
clu_13112	1490_mono
clu_10510	1491_mono
clu_13513	1492_mono
clu_16860	1493_mono
clu_10098	1494_mono
clu_15498	1495_mono
clu_12266	1496_mono
clu_15676	1497_mono
clu_16548	1498_mono
clu_11082	1499_mono
clu_15805	1500_mono
clu_11156	1501_mono
clu_1539	1502_mono
clu_3936	1503_mono
clu_2897	1504_mono
clu_14162	1505_mono
clu_13940	1506_mono
clu_7296	1507_mono
clu_7647	1508_mono
clu_1268	1509_mono
clu_15303	1510_mono
clu_13985	1511_mono
clu_6273	1512_mono
clu_6085	1513_mono
clu_17620	1514_mono
clu_1631	1515_mono
clu_14608	1516_mono
clu_12944	1517_mono
clu_7123	1518_mono
clu_4995	1519_mono
clu_14923	1520_mono
clu_4139	1521_mono
clu_10709	1522_mono
clu_7741	1523_mono
clu_15238	1524_mono
clu_16347	1525_mono
clu_5038	1526_mono
clu_6730	1527_mono
clu_678	1528_mono
clu_12287	1529_mono
clu_6695	1530_mono
clu_2816	1531_mono
clu_1160	1532_mono
clu_15019	1533_mono
clu_11449	1534_mono
clu_13992	1535_mono
clu_5949	1536_mono
clu_6387	1537_mono
clu_17155	1538_mono
clu_7356	1539_mono
clu_12649	1540_mono
clu_2187	1541_mono
clu_411	1542_mono
clu_11748	1543_mono
clu_8930	1544_mono
clu_7839	1545_mono
clu_14638	1546_mono
clu_5698	1547_mono
clu_2797	1548_mono
clu_5861	1549_mono
clu_2094	1550_mono
clu_2363	1551_mono
clu_3791	1552_mono
clu_6973	1553_mono
clu_14108	1554_mono
clu_3092	1555_mono
clu_12817	1556_mono
clu_10319	1557_mono
clu_13373	1558_mono
clu_15751	1559_mono
clu_14216	1560_mono
clu_7017	1561_mono
clu_16173	1562_mono
clu_2	1563_mono
clu_4487	1564_mono
clu_2593	1565_mono
clu_14135	1566_mono
clu_14171	1567_mono
clu_1863	1568_mono
clu_9297	1569_mono
clu_13767	1570_mono
clu_17393	1571_mono
clu_16345	1572_mono
clu_17748	1573_mono
clu_12616	1574_mono
clu_17160	1575_mono
clu_3656	1576_mono
clu_515	1577_mono
clu_2618	1578_mono
clu_15485	1579_mono
clu_16273	1580_mono
clu_3111	1581_mono
clu_5378	1582_mono
clu_16384	1583_mono
clu_16903	1584_mono
clu_14991	1585_mono
clu_10846	1586_mono
clu_3885	1587_mono
clu_3279	1588_mono
clu_13418	1589_mono
clu_2060	1590_mono
clu_371	1591_mono
clu_11229	1592_mono
clu_15693	1593_mono
clu_8376	1594_mono
clu_10154	1595_mono
clu_11749	1596_mono
clu_9889	1597_mono
clu_1125	1598_mono
clu_8118	1599_mono
clu_16229	1600_mono
clu_3789	1601_mono
clu_8348	1602_mono
clu_6244	1603_mono
clu_8213	1604_mono
clu_4985	1605_mono
clu_15777	1606_mono
clu_4973	1607_mono
clu_17284	1608_mono
clu_1213	1609_mono
clu_10316	1610_mono
clu_16410	1611_mono
clu_16250	1612_mono
clu_3015	1613_mono
clu_12880	1614_mono
clu_3966	1615_mono
clu_12123	1616_mono
clu_2425	1617_mono
clu_11729	1618_mono
clu_6398	1619_mono
clu_7231	1620_mono
clu_15032	1621_mono
clu_12031	1622_mono
clu_6228	1623_mono
clu_3717	1624_mono
clu_3580	1625_mono
clu_6239	1626_mono
clu_13216	1627_mono
clu_12690	1628_mono
clu_17795	1629_mono
clu_2243	1630_mono
clu_4745	1631_mono
clu_8419	1632_mono
clu_12863	1633_mono
clu_4562	1634_mono
clu_1792	1635_mono
clu_13844	1636_mono
clu_6151	1637_mono
clu_2148	1638_mono
clu_13075	1639_mono
clu_15724	1640_mono
clu_10055	1641_mono
clu_16227	1642_mono
clu_13113	1643_mono
clu_17516	1644_mono
clu_2138	1645_mono
clu_15809	1646_mono
clu_5592	1647_mono
clu_7851	1648_mono
clu_16987	1649_mono
clu_10288	1650_mono
clu_1985	1651_mono
clu_16217	1652_mono
clu_10795	1653_mono
clu_7776	1654_mono
clu_16905	1655_mono
clu_12878	1656_mono
clu_9401	1657_mono
clu_4184	1658_mono
clu_7372	1659_mono
clu_13747	1660_mono
clu_2827	1661_mono
clu_11361	1662_mono
clu_16145	1663_mono
clu_10996	1664_mono
clu_973	1665_mono
clu_12327	1666_mono
clu_7762	1667_mono
clu_10298	1668_mono
clu_4500	1669_mono
clu_16040	1670_mono
clu_12882	1671_mono
clu_11792	1672_mono
clu_17376	1673_mono
clu_9531	1674_mono
clu_2652	1675_mono
clu_10189	1676_mono
clu_3697	1677_mono
clu_12032	1678_mono
clu_2900	1679_mono
clu_13452	1680_mono
clu_13975	1681_mono
clu_12645	1682_mono
clu_12112	1683_mono
clu_3528	1684_mono
clu_685	1685_mono
clu_16972	1686_mono
clu_6011	1687_mono
clu_7442	1688_mono
clu_4532	1689_mono
clu_1578	1690_mono
clu_10487	1691_mono
clu_2386	1692_mono
clu_14001	1693_mono
clu_16975	1694_mono
clu_12628	1695_mono
clu_17358	1696_mono
clu_5341	1697_mono
clu_14657	1698_mono
clu_7301	1699_mono
clu_15326	1700_mono
clu_16432	1701_mono
clu_10469	1702_mono
clu_1569	1703_mono
clu_12238	1704_mono
clu_6056	1705_mono
clu_11097	1706_mono
clu_12942	1707_mono
clu_4874	1708_mono
clu_383	1709_mono
clu_3020	1710_mono
clu_7694	1711_mono
clu_2935	1712_mono
clu_451	1713_mono
clu_12064	1714_mono
clu_11244	1715_mono
clu_1825	1716_mono
clu_8241	1717_mono
clu_16942	1718_mono
clu_10632	1719_mono
clu_895	1720_mono
clu_12903	1721_mono
clu_1317	1722_mono
clu_6942	1723_mono
clu_14647	1724_mono
clu_10915	1725_mono
clu_15987	1726_mono
clu_15546	1727_mono
clu_16092	1728_mono
clu_5110	1729_mono
clu_13266	1730_mono
clu_12050	1731_mono
clu_9802	1732_mono
clu_14842	1733_mono
clu_6435	1734_mono
clu_14698	1735_mono
clu_3197	1736_mono
clu_9107	1737_mono
clu_1897	1738_mono
clu_3712	1739_mono
clu_8064	1740_mono
clu_143	1741_mono
clu_8780	1742_mono
clu_347	1743_mono
clu_99	1744_mono
clu_2633	1745_mono
clu_4376	1746_mono
clu_11563	1747_mono
clu_14757	1748_mono
clu_5125	1749_mono
clu_10482	1750_mono
clu_16644	1751_mono
clu_6163	1752_mono
clu_9771	1753_mono
clu_10273	1754_mono
clu_9462	1755_mono
clu_16641	1756_mono
clu_7764	1757_mono
clu_1568	1758_mono
clu_15304	1759_mono
clu_2034	1760_mono
clu_10325	1761_mono
clu_11092	1762_mono
clu_9136	1763_mono
clu_7454	1764_mono
clu_15057	1765_mono
clu_374	1766_mono
clu_4909	1767_mono
clu_8400	1768_mono
clu_16634	1769_mono
clu_7823	1770_mono
clu_12914	1771_mono
clu_5652	1772_mono
clu_7687	1773_mono
clu_6714	1774_mono
clu_3029	1775_mono
clu_3920	1776_mono
clu_12114	1777_mono
clu_10734	1778_mono
clu_17671	1779_mono
clu_8149	1780_mono
clu_8900	1781_mono
clu_1281	1782_mono
clu_251	1783_mono
clu_16977	1784_mono
clu_123	1785_mono
clu_1995	1786_mono
clu_9820	1787_mono
clu_16419	1788_mono
clu_11940	1789_mono
clu_8443	1790_mono
clu_4350	1791_mono
clu_4743	1792_mono
clu_17340	1793_mono
clu_4329	1794_mono
clu_2594	1795_mono
clu_10426	1796_mono
clu_10517	1797_mono
clu_2144	1798_mono
clu_8747	1799_mono
clu_5713	1800_mono
clu_3274	1801_mono
clu_13459	1802_mono
clu_6382	1803_mono
clu_2690	1804_mono
clu_7008	1805_mono
clu_10186	1806_mono
clu_8972	1807_mono
clu_6171	1808_mono
clu_11267	1809_mono
clu_10415	1810_mono
clu_3525	1811_mono
clu_6440	1812_mono
clu_10971	1813_mono
clu_3711	1814_mono
clu_5909	1815_mono
clu_11763	1816_mono
clu_3794	1817_mono
clu_16999	1818_mono
clu_8689	1819_mono
clu_14791	1820_mono
clu_16909	1821_mono
clu_16775	1822_mono
clu_8812	1823_mono
clu_9612	1824_mono
clu_9312	1825_mono
clu_14597	1826_mono
clu_417	1827_mono
clu_1848	1828_mono
clu_13416	1829_mono
clu_7048	1830_mono
clu_3414	1831_mono
clu_6653	1832_mono
clu_14306	1833_mono
clu_4933	1834_mono
clu_8897	1835_mono
clu_13926	1836_mono
clu_10428	1837_mono
clu_16219	1838_mono
clu_16222	1839_mono
clu_1410	1840_mono
clu_722	1841_mono
clu_6705	1842_mono
clu_8032	1843_mono
clu_311	1844_mono
clu_6938	1845_mono
clu_2659	1846_mono
clu_13628	1847_mono
clu_6857	1848_mono
clu_2702	1849_mono
clu_15364	1850_mono
clu_10472	1851_mono
clu_2621	1852_mono
clu_13900	1853_mono
clu_16988	1854_mono
clu_5408	1855_mono
clu_13912	1856_mono
clu_15586	1857_mono
clu_8125	1858_mono
clu_10772	1859_mono
clu_6522	1860_mono
clu_6812	1861_mono
clu_11330	1862_mono
clu_15824	1863_mono
clu_14651	1864_mono
clu_3540	1865_mono
clu_7627	1866_mono
clu_11856	1867_mono
clu_17025	1868_mono
clu_10089	1869_mono
clu_12721	1870_mono
clu_12468	1871_mono
clu_14695	1872_mono
clu_9494	1873_mono
clu_10322	1874_mono
clu_15753	1875_mono
clu_6519	1876_mono
clu_3107	1877_mono
clu_8894	1878_mono
clu_11495	1879_mono
clu_12796	1880_mono
clu_4654	1881_mono
clu_15559	1882_mono
clu_11195	1883_mono
clu_7140	1884_mono
clu_8082	1885_mono
clu_14829	1886_mono
clu_15650	1887_mono
clu_2214	1888_mono
clu_605	1889_mono
clu_17384	1890_mono
clu_8709	1891_mono
clu_8432	1892_mono
clu_8255	1893_mono
clu_10767	1894_mono
clu_6564	1895_mono
clu_14318	1896_mono
clu_17463	1897_mono
clu_8165	1898_mono
clu_14383	1899_mono
clu_13104	1900_mono
clu_16577	1901_mono
clu_12705	1902_mono
clu_3292	1903_mono
clu_12897	1904_mono
clu_2519	1905_mono
clu_14433	1906_mono
clu_2581	1907_mono
clu_10242	1908_mono
clu_4622	1909_mono
clu_15659	1910_mono
clu_2496	1911_mono
clu_1286	1912_mono
clu_17247	1913_mono
clu_15671	1914_mono
clu_9114	1915_mono
clu_10954	1916_mono
clu_16597	1917_mono
clu_13106	1918_mono
clu_5722	1919_mono
clu_3970	1920_mono
clu_4554	1921_mono
clu_1620	1922_mono
clu_15630	1923_mono
clu_9261	1924_mono
clu_11738	1925_mono
clu_3376	1926_mono
clu_3544	1927_mono
clu_1701	1928_mono
clu_3275	1929_mono
clu_1894	1930_mono
clu_9799	1931_mono
clu_4003	1932_mono
clu_11015	1933_mono
clu_15770	1934_mono
clu_13316	1935_mono
clu_15090	1936_mono
clu_5340	1937_mono
clu_2186	1938_mono
clu_13875	1939_mono
clu_15803	1940_mono
clu_3085	1941_mono
clu_14955	1942_mono
clu_15735	1943_mono
clu_2247	1944_mono
clu_2088	1945_mono
clu_13825	1946_mono
clu_11168	1947_mono
clu_3213	1948_mono
clu_9698	1949_mono
clu_9851	1950_mono
clu_16872	1951_mono
clu_6117	1952_mono
clu_4901	1953_mono
clu_13041	1954_mono
clu_2568	1955_mono
clu_10796	1956_mono
clu_11494	1957_mono
clu_13421	1958_mono
clu_17693	1959_mono
clu_13801	1960_mono
clu_15734	1961_mono
clu_13584	1962_mono
clu_6243	1963_mono
clu_12354	1964_mono
clu_2994	1965_mono
clu_18	1966_mono
clu_1964	1967_mono
clu_13807	1968_mono
clu_8474	1969_mono
clu_1431	1970_mono
clu_2157	1971_mono
clu_3673	1972_mono
clu_7042	1973_mono
clu_9687	1974_mono
clu_13874	1975_mono
clu_8394	1976_mono
clu_17500	1977_mono
clu_976	1978_mono
clu_1934	1979_mono
clu_10948	1980_mono
clu_5868	1981_mono
clu_10706	1982_mono
clu_15749	1983_mono
clu_17868	1984_mono
clu_468	1985_mono
clu_11881	1986_mono
clu_1936	1987_mono
clu_6772	1988_mono
clu_3691	1989_mono
clu_8404	1990_mono
clu_693	1991_mono
clu_13423	1992_mono
clu_13159	1993_mono
clu_2373	1994_mono
clu_9219	1995_mono
clu_10413	1996_mono
clu_17605	1997_mono
clu_8117	1998_mono
clu_13727	1999_mono
clu_649	2000_mono
clu_6609	2001_mono
clu_154	2002_mono
clu_13520	2003_mono
clu_1132	2004_mono
clu_13223	2005_mono
clu_11556	2006_mono
clu_1711	2007_mono
clu_2686	2008_mono
clu_3132	2009_mono
clu_8410	2010_mono
clu_15056	2011_mono
clu_14974	2012_mono
clu_7361	2013_mono
clu_13286	2014_mono
clu_7505	2015_mono
clu_292	2016_mono
clu_8144	2017_mono
clu_3341	2018_mono
clu_2487	2019_mono
clu_12672	2020_mono
clu_2696	2021_mono
clu_8889	2022_mono
clu_5674	2023_mono
clu_10404	2024_mono
clu_16383	2025_mono
clu_4900	2026_mono
clu_4897	2027_mono
clu_629	2028_mono
clu_14973	2029_mono
clu_11198	2030_mono
clu_2595	2031_mono
clu_2406	2032_mono
clu_11096	2033_mono
clu_3631	2034_mono
clu_4925	2035_mono
clu_2802	2036_mono
clu_6441	2037_mono
clu_15767	2038_mono
clu_9840	2039_mono
clu_3523	2040_mono
clu_1791	2041_mono
clu_17391	2042_mono
clu_17119	2043_mono
clu_4102	2044_mono
clu_4612	2045_mono
clu_3774	2046_mono
clu_2622	2047_mono
clu_36	2048_mono
clu_17338	2049_mono
clu_8576	2050_mono
clu_3180	2051_mono
clu_6340	2052_mono
clu_6274	2053_mono
clu_2326	2054_mono
clu_16626	2055_mono
clu_14513	2056_mono
clu_11415	2057_mono
clu_16749	2058_mono
clu_10187	2059_mono
clu_15594	2060_mono
clu_6802	2061_mono
clu_5391	2062_mono
clu_2458	2063_mono
clu_456	2064_mono
clu_6492	2065_mono
clu_519	2066_mono
clu_13726	2067_mono
clu_6777	2068_mono
clu_6523	2069_mono
clu_7700	2070_mono
clu_502	2071_mono
clu_4099	2072_mono
clu_4764	2073_mono
clu_17637	2074_mono
clu_17444	2075_mono
clu_3466	2076_mono
clu_9362	2077_mono
clu_13671	2078_mono
clu_15970	2079_mono
clu_12723	2080_mono
clu_880	2081_mono
clu_9395	2082_mono
clu_8905	2083_mono
clu_9075	2084_mono
clu_11007	2085_mono
clu_8932	2086_mono
clu_288	2087_mono
clu_17656	2088_mono
clu_4630	2089_mono
clu_12274	2090_mono
clu_9947	2091_mono
clu_5390	2092_mono
clu_3357	2093_mono
clu_13314	2094_mono
clu_6683	2095_mono
clu_3741	2096_mono
clu_8179	2097_mono
clu_11605	2098_mono
clu_6444	2099_mono
clu_2820	2100_mono
clu_3839	2101_mono
clu_13352	2102_mono
clu_15120	2103_mono
clu_6722	2104_mono
clu_2597	2105_mono
clu_8346	2106_mono
clu_3707	2107_mono
clu_12311	2108_mono
clu_14093	2109_mono
clu_12918	2110_mono
clu_6644	2111_mono
clu_8703	2112_mono
clu_7872	2113_mono
clu_15615	2114_mono
clu_15422	2115_mono
clu_14929	2116_mono
clu_5368	2117_mono
clu_13882	2118_mono
clu_15797	2119_mono
clu_2855	2120_mono
clu_1391	2121_mono
clu_10243	2122_mono
clu_17447	2123_mono
clu_12983	2124_mono
clu_4312	2125_mono
clu_8286	2126_mono
clu_908	2127_mono
clu_1164	2128_mono
clu_16260	2129_mono
clu_17729	2130_mono
clu_4019	2131_mono
clu_6584	2132_mono
clu_15477	2133_mono
clu_3155	2134_mono
clu_3607	2135_mono
clu_11955	2136_mono
clu_1532	2137_mono
clu_6878	2138_mono
clu_1417	2139_mono
clu_16172	2140_mono
clu_13916	2141_mono
clu_1876	2142_mono
clu_5701	2143_mono
clu_15001	2144_mono
clu_12470	2145_mono
clu_341	2146_mono
clu_12399	2147_mono
clu_8236	2148_mono
clu_1100	2149_mono
clu_8685	2150_mono
clu_1853	2151_mono
clu_6465	2152_mono
clu_10478	2153_mono
clu_14628	2154_mono
clu_17647	2155_mono
clu_9819	2156_mono
clu_13277	2157_mono
clu_583	2158_mono
clu_9236	2159_mono
clu_7421	2160_mono
clu_696	2161_mono
clu_13437	2162_mono
clu_4132	2163_mono
clu_187	2164_mono
clu_9198	2165_mono
clu_14282	2166_mono
clu_14054	2167_mono
clu_4560	2168_mono
clu_16813	2169_mono
clu_12884	2170_mono
clu_15407	2171_mono
clu_12896	2172_mono
clu_3407	2173_mono
clu_16328	2174_mono
clu_7702	2175_mono
clu_8215	2176_mono
clu_11210	2177_mono
clu_16045	2178_mono
clu_5447	2179_mono
clu_12226	2180_mono
clu_13456	2181_mono
clu_17349	2182_mono
clu_13659	2183_mono
clu_17208	2184_mono
clu_7335	2185_mono
clu_16954	2186_mono
clu_3815	2187_mono
clu_7065	2188_mono
clu_1481	2189_mono
clu_1589	2190_mono
clu_8641	2191_mono
clu_5684	2192_mono
clu_16787	2193_mono
clu_11292	2194_mono
clu_1817	2195_mono
clu_17847	2196_mono
clu_4297	2197_mono
clu_17654	2198_mono
clu_7497	2199_mono
clu_9700	2200_mono
clu_14110	2201_mono
clu_1782	2202_mono
clu_10057	2203_mono
clu_15430	2204_mono
clu_1206	2205_mono
clu_17467	2206_mono
clu_13969	2207_mono
clu_17427	2208_mono
clu_15371	2209_mono
clu_6146	2210_mono
clu_7011	2211_mono
clu_14470	2212_mono
clu_15393	2213_mono
clu_12512	2214_mono
clu_2054	2215_mono
clu_2128	2216_mono
clu_10329	2217_mono
clu_740	2218_mono
clu_3527	2219_mono
clu_11939	2220_mono
clu_7289	2221_mono
clu_11743	2222_mono
clu_2231	2223_mono
clu_16076	2224_mono
clu_2342	2225_mono
clu_4495	2226_mono
clu_1099	2227_mono
clu_14400	2228_mono
clu_12832	2229_mono
clu_14035	2230_mono
clu_1989	2231_mono
clu_13664	2232_mono
clu_8567	2233_mono
clu_13646	2234_mono
clu_11397	2235_mono
clu_13332	2236_mono
clu_4050	2237_mono
clu_15432	2238_mono
clu_13974	2239_mono
clu_6455	2240_mono
clu_6962	2241_mono
clu_6238	2242_mono
clu_1158	2243_mono
clu_15675	2244_mono
clu_8920	2245_mono
clu_12376	2246_mono
clu_17074	2247_mono
clu_10118	2248_mono
clu_7292	2249_mono
clu_7046	2250_mono
clu_9098	2251_mono
clu_15532	2252_mono
clu_1473	2253_mono
clu_8341	2254_mono
clu_17718	2255_mono
clu_581	2256_mono
clu_9897	2257_mono
clu_13965	2258_mono
clu_6048	2259_mono
clu_9604	2260_mono
clu_7848	2261_mono
clu_6939	2262_mono
clu_1477	2263_mono
clu_5091	2264_mono
clu_1010	2265_mono
clu_14821	2266_mono
clu_12520	2267_mono
clu_9570	2268_mono
clu_3592	2269_mono
clu_15094	2270_mono
clu_14497	2271_mono
clu_11482	2272_mono
clu_11349	2273_mono
clu_14916	2274_mono
clu_179	2275_mono
clu_12993	2276_mono
clu_4210	2277_mono
clu_50	2278_mono
clu_14745	2279_mono
clu_2277	2280_mono
clu_9995	2281_mono
clu_7280	2282_mono
clu_7026	2283_mono
clu_12726	2284_mono
clu_4702	2285_mono
clu_8329	2286_mono
clu_2647	2287_mono
clu_3405	2288_mono
clu_11614	2289_mono
clu_11036	2290_mono
clu_9655	2291_mono
clu_15669	2292_mono
clu_6797	2293_mono
clu_746	2294_mono
clu_322	2295_mono
clu_11905	2296_mono
clu_8497	2297_mono
clu_2673	2298_mono
clu_9012	2299_mono
clu_11270	2300_mono
clu_4397	2301_mono
clu_13738	2302_mono
clu_17619	2303_mono
clu_4536	2304_mono
clu_17809	2305_mono
clu_10538	2306_mono
clu_902	2307_mono
clu_6761	2308_mono
clu_13845	2309_mono
clu_17428	2310_mono
clu_7565	2311_mono
clu_2526	2312_mono
clu_1821	2313_mono
clu_16292	2314_mono
clu_9007	2315_mono
clu_12994	2316_mono
clu_10838	2317_mono
clu_16015	2318_mono
clu_492	2319_mono
clu_5492	2320_mono
clu_9103	2321_mono
clu_3461	2322_mono
clu_3101	2323_mono
clu_10984	2324_mono
clu_1424	2325_mono
clu_4886	2326_mono
clu_3586	2327_mono
clu_12881	2328_mono
clu_16016	2329_mono
clu_12681	2330_mono
clu_2020	2331_mono
clu_4938	2332_mono
clu_10233	2333_mono
clu_11765	2334_mono
clu_12402	2335_mono
clu_15811	2336_mono
clu_7031	2337_mono
clu_7063	2338_mono
clu_13180	2339_mono
clu_9200	2340_mono
clu_8225	2341_mono
clu_1983	2342_mono
clu_5899	2343_mono
clu_9530	2344_mono
clu_7228	2345_mono
clu_14187	2346_mono
clu_14151	2347_mono
clu_7639	2348_mono
clu_6491	2349_mono
clu_9565	2350_mono
clu_13070	2351_mono
clu_6489	2352_mono
clu_4262	2353_mono
clu_4558	2354_mono
clu_10106	2355_mono
clu_11783	2356_mono
clu_13412	2357_mono
clu_16523	2358_mono
clu_10169	2359_mono
clu_14720	2360_mono
clu_849	2361_mono
clu_7787	2362_mono
clu_3915	2363_mono
clu_13021	2364_mono
clu_10640	2365_mono
clu_2782	2366_mono
clu_1118	2367_mono
clu_8467	2368_mono
clu_5046	2369_mono
clu_2542	2370_mono
clu_10505	2371_mono
clu_8978	2372_mono
clu_6819	2373_mono
clu_2485	2374_mono
clu_3759	2375_mono
clu_11378	2376_mono
clu_2019	2377_mono
clu_4089	2378_mono
clu_16516	2379_mono
clu_12350	2380_mono
clu_9037	2381_mono
clu_1208	2382_mono
clu_290	2383_mono
clu_7358	2384_mono
clu_38	2385_mono
clu_13651	2386_mono
clu_4379	2387_mono
clu_7696	2388_mono
clu_6717	2389_mono
clu_970	2390_mono
clu_3536	2391_mono
clu_4810	2392_mono
clu_6375	2393_mono
clu_2703	2394_mono
clu_7790	2395_mono
clu_8414	2396_mono
clu_12610	2397_mono
clu_4405	2398_mono
clu_1622	2399_mono
clu_8907	2400_mono
clu_17510	2401_mono
clu_10937	2402_mono
clu_10398	2403_mono
clu_10209	2404_mono
clu_14539	2405_mono
clu_225	2406_mono
clu_1344	2407_mono
clu_4812	2408_mono
clu_5816	2409_mono
clu_6763	2410_mono
clu_14290	2411_mono
clu_12603	2412_mono
clu_1900	2413_mono
clu_8330	2414_mono
clu_13476	2415_mono
clu_6134	2416_mono
clu_6688	2417_mono
clu_4465	2418_mono
clu_9781	2419_mono
clu_15518	2420_mono
clu_1809	2421_mono
clu_6831	2422_mono
clu_7717	2423_mono
clu_6005	2424_mono
clu_15287	2425_mono
clu_10653	2426_mono
clu_680	2427_mono
clu_7264	2428_mono
clu_2261	2429_mono
clu_1061	2430_mono
clu_1454	2431_mono
clu_12165	2432_mono
clu_9234	2433_mono
clu_13477	2434_mono
clu_12824	2435_mono
clu_16779	2436_mono
clu_7329	2437_mono
clu_150	2438_mono
clu_358	2439_mono
clu_1576	2440_mono
clu_13791	2441_mono
clu_12871	2442_mono
clu_14410	2443_mono
clu_10350	2444_mono
clu_14752	2445_mono
clu_17359	2446_mono
clu_11032	2447_mono
clu_4057	2448_mono
clu_11827	2449_mono
clu_4306	2450_mono
clu_13987	2451_mono
clu_4606	2452_mono
clu_3931	2453_mono
clu_3276	2454_mono
clu_4884	2455_mono
clu_8407	2456_mono
clu_14729	2457_mono
clu_2641	2458_mono
clu_5927	2459_mono
clu_850	2460_mono
clu_12872	2461_mono
clu_8479	2462_mono
clu_9759	2463_mono
clu_3059	2464_mono
clu_11694	2465_mono
clu_9213	2466_mono
clu_7804	2467_mono
clu_13643	2468_mono
clu_688	2469_mono
clu_6261	2470_mono
clu_16389	2471_mono
clu_1479	2472_mono
clu_10766	2473_mono
clu_11400	2474_mono
clu_1525	2475_mono
clu_7854	2476_mono
clu_4256	2477_mono
clu_7148	2478_mono
clu_14586	2479_mono
clu_6127	2480_mono
clu_11512	2481_mono
clu_15026	2482_mono
clu_10580	2483_mono
clu_15708	2484_mono
clu_13434	2485_mono
clu_647	2486_mono
clu_15782	2487_mono
clu_6529	2488_mono
clu_4977	2489_mono
clu_4661	2490_mono
clu_2336	2491_mono
clu_8162	2492_mono
clu_12087	2493_mono
clu_15908	2494_mono
clu_1982	2495_mono
clu_9858	2496_mono
clu_3768	2497_mono
clu_11492	2498_mono
clu_15821	2499_mono
clu_15929	2500_mono
clu_6997	2501_mono
clu_9422	2502_mono
clu_4479	2503_mono
clu_2179	2504_mono
clu_7449	2505_mono
clu_8935	2506_mono
clu_17643	2507_mono
clu_536	2508_mono
clu_3200	2509_mono
clu_1408	2510_mono
clu_6380	2511_mono
clu_2698	2512_mono
clu_15111	2513_mono
clu_11111	2514_mono
clu_14188	2515_mono
clu_12093	2516_mono
clu_6946	2517_mono
clu_7141	2518_mono
clu_1592	2519_mono
clu_15045	2520_mono
clu_105	2521_mono
clu_9730	2522_mono
clu_14864	2523_mono
clu_136	2524_mono
clu_2653	2525_mono
clu_5460	2526_mono
clu_12630	2527_mono
clu_11264	2528_mono
clu_15577	2529_mono
clu_12876	2530_mono
clu_11371	2531_mono
clu_12589	2532_mono
clu_15434	2533_mono
clu_7252	2534_mono
clu_4651	2535_mono
clu_10669	2536_mono
clu_13403	2537_mono
clu_13995	2538_mono
clu_8615	2539_mono
clu_14872	2540_mono
clu_3666	2541_mono
clu_15186	2542_mono
clu_6731	2543_mono
clu_16851	2544_mono
clu_16159	2545_mono
clu_13890	2546_mono
clu_17190	2547_mono
clu_5802	2548_mono
clu_16310	2549_mono
clu_4642	2550_mono
clu_17323	2551_mono
clu_7276	2552_mono
clu_14388	2553_mono
clu_5093	2554_mono
clu_12691	2555_mono
clu_5947	2556_mono
clu_465	2557_mono
clu_15938	2558_mono
clu_1899	2559_mono
clu_4348	2560_mono
clu_17780	2561_mono
clu_10128	2562_mono
clu_6257	2563_mono
clu_2198	2564_mono
clu_8774	2565_mono
clu_16264	2566_mono
clu_10168	2567_mono
clu_14907	2568_mono
clu_11604	2569_mono
clu_11549	2570_mono
clu_1169	2571_mono
clu_2940	2572_mono
clu_2043	2573_mono
clu_461	2574_mono
clu_17607	2575_mono
clu_10622	2576_mono
clu_405	2577_mono
clu_9013	2578_mono
clu_7318	2579_mono
clu_1955	2580_mono
clu_5213	2581_mono
clu_990	2582_mono
clu_9536	2583_mono
clu_1618	2584_mono
clu_4416	2585_mono
clu_14010	2586_mono
clu_14371	2587_mono
clu_3734	2588_mono
clu_16603	2589_mono
clu_15789	2590_mono
clu_12439	2591_mono
clu_11575	2592_mono
clu_3329	2593_mono
clu_12916	2594_mono
clu_12979	2595_mono
clu_13748	2596_mono
clu_12879	2597_mono
clu_10509	2598_mono
clu_4241	2599_mono
clu_2051	2600_mono
clu_15049	2601_mono
clu_14325	2602_mono
clu_14263	2603_mono
clu_1759	2604_mono
clu_4392	2605_mono
clu_9933	2606_mono
clu_7357	2607_mono
clu_932	2608_mono
clu_5119	2609_mono
clu_2091	2610_mono
clu_15163	2611_mono
clu_3877	2612_mono
clu_7822	2613_mono
clu_14941	2614_mono
clu_3433	2615_mono
clu_5452	2616_mono
clu_12943	2617_mono
clu_8836	2618_mono
clu_9965	2619_mono
clu_3261	2620_mono
clu_10845	2621_mono
clu_1418	2622_mono
clu_11199	2623_mono
clu_4498	2624_mono
clu_2282	2625_mono
clu_17310	2626_mono
clu_14256	2627_mono
clu_16979	2628_mono
clu_7226	2629_mono
clu_6792	2630_mono
clu_3316	2631_mono
clu_7265	2632_mono
clu_1223	2633_mono
clu_17099	2634_mono
clu_15862	2635_mono
clu_9651	2636_mono
clu_2881	2637_mono
clu_3955	2638_mono
clu_13997	2639_mono
clu_11562	2640_mono
clu_9174	2641_mono
clu_15380	2642_mono
clu_14182	2643_mono
clu_6696	2644_mono
clu_8412	2645_mono
clu_12301	2646_mono
clu_3186	2647_mono
clu_13698	2648_mono
clu_4342	2649_mono
clu_6330	2650_mono
clu_12955	2651_mono
clu_5798	2652_mono
clu_9034	2653_mono
clu_9066	2654_mono
clu_4260	2655_mono
clu_11977	2656_mono
clu_5115	2657_mono
clu_2863	2658_mono
clu_1263	2659_mono
clu_16168	2660_mono
clu_13586	2661_mono
clu_4444	2662_mono
clu_16855	2663_mono
clu_5288	2664_mono
clu_5116	2665_mono
clu_11610	2666_mono
clu_5489	2667_mono
clu_14296	2668_mono
clu_12249	2669_mono
clu_14845	2670_mono
clu_17588	2671_mono
clu_11912	2672_mono
clu_14436	2673_mono
clu_15884	2674_mono
clu_6098	2675_mono
clu_6866	2676_mono
clu_16780	2677_mono
clu_5855	2678_mono
clu_16394	2679_mono
clu_12133	2680_mono
clu_1245	2681_mono
clu_3007	2682_mono
clu_8383	2683_mono
clu_15217	2684_mono
clu_6941	2685_mono
clu_1234	2686_mono
clu_2566	2687_mono
clu_1233	2688_mono
clu_11772	2689_mono
clu_5773	2690_mono
clu_4143	2691_mono
clu_8742	2692_mono
clu_729	2693_mono
clu_1845	2694_mono
clu_15086	2695_mono
clu_9724	2696_mono
clu_618	2697_mono
clu_14382	2698_mono
clu_1796	2699_mono
clu_422	2700_mono
clu_2289	2701_mono
clu_14461	2702_mono
clu_9586	2703_mono
clu_7677	2704_mono
clu_13895	2705_mono
clu_12714	2706_mono
clu_11138	2707_mono
clu_15481	2708_mono
clu_14113	2709_mono
clu_16630	2710_mono
clu_3004	2711_mono
clu_9672	2712_mono
clu_3814	2713_mono
clu_9124	2714_mono
clu_15604	2715_mono
clu_16840	2716_mono
clu_11925	2717_mono
clu_16702	2718_mono
clu_17045	2719_mono
clu_463	2720_mono
clu_17603	2721_mono
clu_189	2722_mono
clu_16090	2723_mono
clu_2382	2724_mono
clu_13541	2725_mono
clu_14625	2726_mono
clu_14476	2727_mono
clu_14189	2728_mono
clu_3138	2729_mono
clu_11260	2730_mono
clu_9024	2731_mono
clu_664	2732_mono
clu_11888	2733_mono
clu_985	2734_mono
clu_10494	2735_mono
clu_702	2736_mono
clu_1427	2737_mono
clu_9684	2738_mono
clu_7089	2739_mono
clu_9594	2740_mono
clu_1143	2741_mono
clu_15183	2742_mono
clu_2705	2743_mono
clu_10258	2744_mono
clu_9245	2745_mono
clu_12433	2746_mono
clu_872	2747_mono
clu_12070	2748_mono
clu_16541	2749_mono
clu_15861	2750_mono
clu_7571	2751_mono
clu_11227	2752_mono
clu_6790	2753_mono
clu_6816	2754_mono
clu_11818	2755_mono
clu_13062	2756_mono
clu_6288	2757_mono
clu_6241	2758_mono
clu_13813	2759_mono
clu_5323	2760_mono
clu_15298	2761_mono
clu_17062	2762_mono
clu_12397	2763_mono
clu_14672	2764_mono
clu_12634	2765_mono
clu_15948	2766_mono
clu_925	2767_mono
clu_977	2768_mono
clu_10254	2769_mono
clu_8192	2770_mono
clu_16886	2771_mono
clu_585	2772_mono
clu_7174	2773_mono
clu_500	2774_mono
clu_11996	2775_mono
clu_4363	2776_mono
clu_13267	2777_mono
clu_14811	2778_mono
clu_9713	2779_mono
clu_11820	2780_mono
clu_10034	2781_mono
clu_3820	2782_mono
clu_15826	2783_mono
clu_16234	2784_mono
clu_14147	2785_mono
clu_5446	2786_mono
clu_11828	2787_mono
clu_14531	2788_mono
clu_25	2789_mono
clu_14527	2790_mono
clu_5554	2791_mono
clu_11207	2792_mono
clu_3400	2793_mono
clu_1052	2794_mono
clu_9392	2795_mono
clu_7928	2796_mono
clu_14553	2797_mono
clu_1461	2798_mono
clu_10491	2799_mono
clu_2781	2800_mono
clu_5189	2801_mono
clu_10214	2802_mono
clu_13463	2803_mono
clu_5139	2804_mono
clu_8493	2805_mono
clu_323	2806_mono
clu_12475	2807_mono
clu_11962	2808_mono
clu_7572	2809_mono
clu_10320	2810_mono
clu_14194	2811_mono
clu_9036	2812_mono
clu_3739	2813_mono
