ERS743426|NODE_302_length_7108_cov_5.547710	1_community
ERS795827|NODE_5_length_13253_cov_83.490858	1_community
Han_2018_ERR1398150_NODE_58_length_43653_cov_10.293798	1_community
LR797821.1	1_community; 23_community
MGV-GENOME-0163628	1_community
MGV-GENOME-0198224	1_community
MGV-GENOME-0206986	1_community
MGV-GENOME-0221120	1_community
MGV-GENOME-0271848	1_community
MGV-GENOME-0276929	1_community
MGV-GENOME-0281222	1_community
MGV-GENOME-0282367	1_community
MGV-GENOME-0285221	1_community
MGV-GENOME-0286159	1_community
MGV-GENOME-0286550	1_community
MGV-GENOME-0287170	1_community
MGV-GENOME-0287553	1_community
MGV-GENOME-0287964	1_community
MGV-GENOME-0288134	1_community
MGV-GENOME-0291998	1_community
MH807816.1	1_community
MK095201.1	1_community
MK135468.1	1_community
MK257719.1	1_community
MK257720.1	1_community
MK257723.1	1_community
MK693005.1	1_community
MN061582.1	1_community
MN176572.1	1_community
MN176573.1	1_community
MN794000.1	1_community
MN794001.1	1_community
MT633129.1	1_community
MW056503.1	1_community
MW358930.1	1_community
MW366784.1	1_community
MZ099557.1	1_community
MZ634338.1	1_community
MZ634339.1	1_community
MZ634343.1	1_community
MZ868726.1	1_community
MZ936315.1	1_community
Ma_2019_SRR413644_NODE_389_length_44739_cov_4.403925	1_community
NC_013649.2	1_community
NC_021316.1	1_community
NC_023567.2	1_community
NC_027980.1	1_community
NC_028675.1	1_community
NC_028679.1	1_community
NC_028684.1	1_community
NC_031086.1	1_community
NC_041905.1	1_community
NC_041967.1	1_community
NC_042003.1	1_community
NC_042004.1	1_community
NC_042124.1	1_community
NC_047748.1	1_community
NC_047883.1	1_community
NC_047896.1	1_community
NC_047929.1	1_community
NC_048056.1	1_community
NC_048058.1	1_community
NC_048061.1	1_community
NC_048076.1	1_community
NC_048116.1	1_community
NC_048118.1	1_community
OK583892.1	1_community
OK583893.1	1_community
ON165415.1	1_community
ON210142.1	1_community
ON602725.1	1_community
ON602728.1	1_community
ON602739.1	1_community
ON602756.1	1_community
OP114731.1	1_community
OP727261.1	1_community
OQ101251.1	1_community
OQ378314.1	1_community
Rampelli_10018_NODE_803_length_11940_cov_3.184182	1_community
Reyes_2015_F194_T1_NODE_22_length_12928_cov_100.341614	1_community
SAMEA2737736_a1_ct50827_vs1@Podoviridae__sp._ctWmU1	1_community
SAMEA2737757_a1_ct33184_vs1@Podoviridae__sp._ctZhi1	1_community
SAMEA2737788_a1_ct27058@circular@Podoviridae__sp._ctQEP058	1_community
SAMEA2737807_a1_ct21894@circular@Podoviridae__sp._ctftz894	1_community
SAMEA3951762_b1_ct1@circular@Caudovirales__sp._ctsAK1	1_community
SAMN00791989_a1_ct103391_vs1@linear@Podoviridae__sp._ctktd1	1_community
SAMN05414913_a1_ct42124@circular@Podoviridae__sp._ct4SL124	1_community
SAMN10080927_a1_ct12579_vs1@linear@Podoviridae__sp._ct5hT1	1_community
ERS743404|NODE_26_length_36722_cov_10.392887	1_community
ERS795827|NODE_28_length_4908_cov_2.505752	1_community
ERS795860|NODE_3_length_25757_cov_65.593133	1_community
GU393987.1	1_community; 23_community
HG796219.1	1_community
LR778216.1	1_community; 23_community
MG575418.1	1_community
MG575419.1	1_community
MGV-GENOME-0194798	1_community
MGV-GENOME-0239500	1_community
MGV-GENOME-0241856	1_community
MGV-GENOME-0266805	1_community
MGV-GENOME-0275734	1_community
MGV-GENOME-0276020	1_community
MGV-GENOME-0276695	1_community
MGV-GENOME-0279146	1_community
MGV-GENOME-0280568	1_community
MGV-GENOME-0280833	1_community
MGV-GENOME-0280851	1_community
MGV-GENOME-0281868	1_community
MGV-GENOME-0282912	1_community
MGV-GENOME-0283791	1_community
MGV-GENOME-0286520	1_community
MGV-GENOME-0286895	1_community
MGV-GENOME-0287152	1_community
MGV-GENOME-0287574	1_community
MGV-GENOME-0287775	1_community
MGV-GENOME-0287931	1_community
MGV-GENOME-0288759	1_community
MGV-GENOME-0288956	1_community
MGV-GENOME-0289007	1_community
MGV-GENOME-0289058	1_community
MGV-GENOME-0289112	1_community
MGV-GENOME-0289191	1_community
MGV-GENOME-0289358	1_community
MGV-GENOME-0290301	1_community
MGV-GENOME-0291149	1_community
MGV-GENOME-0292171	1_community
MGV-GENOME-0293303	1_community
MGV-GENOME-0296125	1_community
MGV-GENOME-0297795	1_community
MGV-GENOME-0299546	1_community
MGV-GENOME-0303862	1_community
MH807819.1	1_community
MK089780.1	1_community
MK257722.1	1_community
MK838107.1	1_community
MK892710.1	1_community
MK962628.1	1_community
MK962638.1	1_community
MK962640.1	1_community
MN101217.1	1_community
MN101220.1	1_community
MN116494.1	1_community
MN270887.1	1_community
MN271656.1	1_community
MN294712.1	1_community
MN380459.1	1_community
MN433707.1	1_community
MN497414.1	1_community
MN509793.1	1_community
MN604238.1	1_community
MN604239.1	1_community
MN614471.1	1_community
MN651570.1	1_community
MN794002.1	1_community
MN794003.1	1_community
MN807295.1	1_community
MN844877.1	1_community
MN850568.1	1_community
MN850570.1	1_community
MN850583.1	1_community
MN850592.1	1_community
MN850608.1	1_community
MN850617.1	1_community
MN850624.1	1_community
MN850625.1	1_community
MN855727.1	1_community
MN855791.1	1_community
MN901924.1	1_community
MN988466.1	1_community
MN988488.1	1_community
MN988492.1	1_community
MN988528.1	1_community
MN988529.1	1_community
MT090077.2	1_community
MT094430.1	1_community
MT104468.1	1_community
MT178448.1	1_community
MT197175.1	1_community
MT197176.1	1_community
MT259468.1	1_community
MT263719.1	1_community
MT354570.1	1_community
MT501516.1	1_community
MT682065.1	1_community
MT682386.1	1_community
MT682387.1	1_community
MT682390.1	1_community
MT682391.1	1_community
MT701589.1	1_community
MT708544.1	1_community
MT708546.1	1_community
MT741944.1	1_community
MT939252.1	1_community
MT951568.1	1_community; 23_community
MW056501.1	1_community
MW056502.1	1_community
MW145136.1	1_community; 23_community
MW250275.1	1_community
MW250276.1	1_community
MW250641.1	1_community
MW286266.1	1_community
MW286267.1	1_community
MW331544.1	1_community
MW345241.1	1_community
MW366783.1	1_community
MW406975.1	1_community
MW459163.1	1_community
MW590329.1	1_community
MW627366.1	1_community
MW831865.1	1_community; 23_community
MW934263.1	1_community
MW960034.1	1_community
MW960043.1	1_community; 23_community
MW965453.2	1_community; 23_community
MZ020222.1	1_community
MZ182247.1	1_community
MZ208805.1	1_community
MZ326854.1	1_community; 23_community
MZ326863.1	1_community; 23_community
MZ333135.1	1_community
MZ424864.1	1_community
MZ462995.1	1_community
MZ516827.1	1_community
MZ592921.1	1_community
MZ593174.1	1_community
MZ602146.1	1_community
MZ687409.1	1_community
MZ868724.1	1_community
MZ936314.1	1_community
MZ936316.1	1_community
MZ967493.1	1_community
Monaco_MBA4038_NODE_26_length_36722_cov_11.080890	1_community
NC_004902.1	1_community
NC_005045.1	1_community
NC_007709.1	1_community
NC_009543.1	1_community
NC_009935.1	1_community
NC_009936.1	1_community
NC_010326.1	1_community
NC_011107.1	1_community
NC_011201.1	1_community; 23_community
NC_012662.1	1_community
NC_012742.1	1_community
NC_013638.1	1_community
NC_015585.1	1_community
NC_016764.1	1_community; 23_community
NC_019454.1	1_community; 23_community
NC_019520.1	1_community
NC_019528.1	1_community
NC_019911.2	1_community
NC_020078.1	1_community
NC_021337.1	1_community
NC_022746.1	1_community
NC_022916.1	1_community
NC_022917.1	1_community
NC_022982.1	1_community; 23_community
NC_022987.1	1_community; 23_community
NC_023570.1	1_community
NC_025418.1	1_community
NC_025445.1	1_community
NC_025457.1	1_community
NC_026602.1	1_community
NC_027342.1	1_community
NC_027363.1	1_community
NC_027375.1	1_community
NC_028664.1	1_community
NC_028670.1	1_community
NC_028816.1	1_community
NC_028836.1	1_community
NC_028848.1	1_community
NC_028850.1	1_community
NC_028870.1	1_community
NC_028987.2	1_community
NC_028988.1	1_community
NC_029007.1	1_community
NC_029070.1	1_community
NC_029081.1	1_community
NC_030923.1	1_community
NC_030928.1	1_community; 23_community
NC_030937.1	1_community; 23_community
NC_031014.1	1_community
NC_031025.1	1_community
NC_031068.2	1_community
NC_031096.1	1_community
NC_031246.1	1_community
NC_041854.1	1_community
NC_041885.1	1_community
NC_041914.1	1_community
NC_041915.1	1_community
NC_042005.1	1_community
NC_042006.1	1_community
NC_042007.1	1_community
NC_042104.1	1_community
NC_047743.1	1_community
NC_047762.1	1_community; 23_community
NC_047768.1	1_community
NC_047778.1	1_community
NC_047779.1	1_community
NC_047783.1	1_community
NC_047787.1	1_community
NC_047800.1	1_community
NC_047804.1	1_community
NC_047805.1	1_community
NC_047811.1	1_community
NC_047816.1	1_community
NC_047845.1	1_community
NC_047846.1	1_community
NC_047849.1	1_community
NC_047857.1	1_community
NC_047860.1	1_community; 23_community
NC_047865.1	1_community
NC_047866.1	1_community
NC_047868.1	1_community
NC_047869.1	1_community
NC_047930.1	1_community; 23_community
NC_047933.1	1_community
NC_047941.1	1_community
NC_047944.1	1_community
NC_047951.1	1_community
NC_047952.1	1_community
NC_047953.1	1_community
NC_047966.1	1_community
NC_048029.1	1_community; 23_community
NC_048035.1	1_community
NC_048036.1	1_community
NC_048055.1	1_community; 23_community
NC_048081.1	1_community
NC_048111.1	1_community
NC_048117.1	1_community
NC_048120.1	1_community
NC_048133.1	1_community
NC_048142.1	1_community
NC_048148.1	1_community
NC_048167.1	1_community
NC_048168.1	1_community
NC_048172.1	1_community
NC_048174.1	1_community
NC_048177.1	1_community
NC_054891.1	1_community
NC_070758.1	1_community
OK018136.1	1_community; 23_community
OK335783.1	1_community; 23_community
OK349506.1	1_community
OK490494.1	1_community; 23_community
OK539824.1	1_community
OK546191.1	1_community
OK562429.1	1_community
OK585158.1	1_community
OK585159.1	1_community
OL355133.1	1_community
OL362270.1	1_community
OL362278.1	1_community
OL362279.1	1_community
OL416096.1	1_community
OL474125.1	1_community
OL581612.1	1_community
OL634959.1	1_community
OL754589.1	1_community
OL770263.1	1_community
OL979478.1	1_community
OM362522.1	1_community
OM513679.2	1_community
OM513680.2	1_community
OM799543.1	1_community
OM864357.1	1_community
OM913598.1	1_community
OM913894.1	1_community
OM925528.1	1_community
ON080940.1	1_community
ON080941.1	1_community
ON132389.1	1_community
ON146449.1	1_community
ON287377.1	1_community
ON365567.1	1_community
ON457554.1	1_community
ON457556.1	1_community
ON513429.1	1_community
ON529868.1	1_community; 23_community
ON602724.1	1_community
ON602727.1	1_community
ON602732.1	1_community
ON602740.1	1_community
ON602743.1	1_community
ON602748.1	1_community
ON602752.1	1_community
ON602754.1	1_community
ON602757.1	1_community
ON602761.1	1_community
ON602762.1	1_community
ON602767.1	1_community
ON755175.1	1_community
ON755176.1	1_community
ON809559.1	1_community
ON857926.1	1_community
ON864052.1	1_community
ON911539.2	1_community; 23_community
ON932078.1	1_community; 23_community
ON932081.1	1_community; 23_community
ON960072.2	1_community
OP019135.1	1_community
OP087422.1	1_community; 23_community
OP117450.1	1_community
OP171942.1	1_community
OP413829.1	1_community
OP441381.1	1_community
OP508218.1	1_community
OP583591.1	1_community; 23_community
OP583592.1	1_community; 23_community
OP797796.1	1_community
OP819285.1	1_community
OP852425.1	1_community
OP948730.1	1_community
OQ135104.1	1_community; 23_community
OQ230793.1	1_community
OQ302138.1	1_community
OQ412633.1	1_community
SAMEA2737815_a1_ct27979@circular@Podoviridae__sp._ctBis979	1_community
SAMEA2737817_a1_ct18614@circular@Podoviridae__sp._cttIw614	1_community
SAMEA2738163_b1_ct2@circular@Caudovirales__sp._ctbBS2	1_community
SAMN00715264_a1_ct62571_vs1@linear@Podoviridae__sp._ctLLC1	1_community
SAMN00791954_a1_ct5591@circular@Podoviridae__sp._ct6MQ591	1_community
SAMN00792001_a1_ct131317_vs1@linear@Podoviridae__sp._ctPzO1	1_community
SAMN00792088_a1_ct20808@circular@Podoviridae__sp._ctrdp808	1_community
SAMN06164731_a1_ct121835_vs1@linear@Podoviridae__sp._ctJW31	1_community
SAMN09781742_a1_ct25274@circular@Podoviridae__sp._ctLvz274	1_community
SAMN10080898_a1_ct55871_vs1@linear@Podoviridae__sp._cteaR1	1_community
SAMN10080927_a1_ct1008@circular@Podoviridae__sp._cth54008	1_community
SAMN11031371_a1_ct6140@circular@Podoviridae__sp._ctJgz140	1_community
SRR7892427_NODE_13_length_43090_cov_264.621787	1_community
SRR7892439_NODE_2_length_42693_cov_524.347859	1_community
SRR7892481_NODE_4_length_12386_cov_40.990755	1_community
SRS015440_a1_ct20206_vs1@Podoviridae__sp._ctjQV1	1_community
SRS015470_a1_ct14583_vs1@Podoviridae__sp._ctiH51	1_community
SRS2307111|NODE_3_length_8107_cov_67.167909	1_community
SRS741334|NODE_2_length_43394_cov_11.226632	1_community; 23_community
Zuo_2017_SRR5677795_NODE_12_length_43839_cov_65.766604	1_community
MGV-GENOME-0242488	1_community; 42_community
MGV-GENOME-0244631	1_community; 42_community
MK903278.1	1_community; 23_community
NC_047759.1	1_community
OK258140.1	1_community
OM735686.1	1_community; 23_community
OM913597.1	1_community
NC_048123.1	1_community
OM654404.1	1_community
LC727700.1	1_community
MGV-GENOME-0274964	1_community
MGV-GENOME-0297169	1_community
MGV-GENOME-0298952	1_community
MGV-GENOME-0301511	1_community
MGV-GENOME-0303205	1_community
MGV-GENOME-0305419	1_community
MN478375.1	1_community; 23_community
MW117144.1	1_community
NC_012418.1	1_community
NC_022091.1	1_community
NC_047840.1	1_community; 23_community
NC_047967.1	1_community
OK258138.1	1_community; 23_community
OP556577.1	1_community
SRS023595_a1_ct19201@circular@Podoviridae__sp._ct79M201	1_community
Zuo_2017_SRR5677800_NODE_128_length_24754_cov_349.341755	1_community
MGV-GENOME-0303944	1_community
NC_041912.1	1_community
OQ137560.1	1_community; 23_community
SRS018573_a1_ct23703_vs1@Podoviridae__sp._ct5qv1	1_community
SRS019225_a1_ct2397_vs1@Podoviridae__sp._ctAGm1	1_community
NC_031115.1	2_community
OK499982.1	2_community
NC_011085.3	2_community
MW358931.1	2_community
AY264775.1	3_community
AY264777.1	3_community
AY264778.1	3_community
ERS795738|NODE_4_length_10144_cov_3.907058	3_community; 6_community
JQ965701.1	3_community
MGV-GENOME-0189393	3_community; 6_community
MGV-GENOME-0207384	3_community; 6_community
MGV-GENOME-0262495	3_community; 6_community
MGV-GENOME-0263483	3_community
MGV-GENOME-0265351	3_community
MGV-GENOME-0271102	3_community; 6_community
MGV-GENOME-0271781	3_community; 6_community
MGV-GENOME-0272856	3_community
MGV-GENOME-0273145	3_community; 6_community
MGV-GENOME-0274303	3_community; 6_community
MGV-GENOME-0274788	3_community; 6_community
MK521905.1	3_community; 6_community
MK903728.1	3_community; 6_community
MN026740.1	3_community
MN098329.1	3_community
MN176574.1	3_community; 6_community
MN327636.1	3_community; 5_community; 40_community
MN481365.1	3_community
MT350293.1	3_community
MT543041.1	3_community
MT681669.1	3_community
MT813141.1	3_community; 6_community
MT966872.1	3_community; 6_community
MT966873.1	3_community; 6_community
MW042787.1	3_community; 6_community
MW042804.1	3_community; 6_community
MW042808.1	3_community; 6_community
MW074885.1	3_community; 6_community
MW883060.1	3_community; 6_community
MZ220766.1	3_community
MZ375237.1	3_community
MZ375240.1	3_community
MZ375257.1	3_community
MZ375260.1	3_community
MZ375267.1	3_community
MZ375268.1	3_community; 6_community
MZ375271.1	3_community
MZ375279.1	3_community; 6_community
MZ375282.1	3_community
MZ375288.1	3_community
MZ375289.1	3_community
MZ375290.1	3_community
MZ375292.1	3_community
MZ501078.1	3_community
MZ501081.1	3_community; 6_community
MZ833439.1	3_community
NC_001604.1	3_community
NC_011038.1	3_community
NC_011040.1	3_community
NC_011045.1	3_community
NC_011534.1	3_community
NC_015249.1	3_community
NC_015719.1	3_community; 6_community
NC_019416.1	3_community
NC_023548.1	3_community; 6_community
NC_027387.1	3_community
NC_028655.1	3_community; 6_community
NC_028688.1	3_community; 6_community
NC_028863.1	3_community; 6_community
NC_028880.1	3_community
NC_031114.1	3_community
NC_047755.1	3_community; 6_community
NC_047761.1	3_community; 6_community
NC_047766.1	3_community; 6_community
NC_047789.1	3_community; 6_community
NC_047797.2	3_community
NC_047798.1	3_community; 6_community
NC_047819.1	3_community
NC_047895.1	3_community
NC_047908.1	3_community
NC_047923.1	3_community
NC_047942.1	3_community
NC_047963.1	3_community
NC_047971.1	3_community; 6_community
NC_047980.1	3_community; 6_community
NC_047984.1	3_community
NC_048004.1	3_community
NC_048078.1	3_community
NC_048082.1	3_community
NC_048105.1	3_community
NC_048108.1	3_community
NC_048114.1	3_community; 6_community
NC_048129.1	3_community; 6_community
NC_048163.1	3_community
NC_048164.1	3_community
NC_048180.1	3_community
NC_071009.1	3_community; 6_community
OK042080.1	3_community
OL964740.1	3_community
ON148529.1	3_community; 6_community
ON528715.1	3_community
ON528717.1	3_community
ON528719.1	3_community
ON568193.1	3_community
ON571554.1	3_community; 6_community
ON602753.1	3_community; 6_community
ON602755.1	3_community; 6_community
OP013026.1	3_community; 6_community
OP045496.1	3_community; 6_community
OP103919.1	3_community; 6_community
OP256047.1	3_community; 6_community
OP331230.1	3_community
SAMEA2737813_a1_ct27648@circular@Podoviridae__sp._ctydc648	3_community; 6_community
SAMEA3951678_b1_ct5@circular@Caudovirales__sp._ctiuh5	3_community; 6_community
SAMN00791982_a1_ct9829@circular@Podoviridae__sp._cto1I829	3_community
SAMN00792000_a1_ct10192@circular@Podoviridae__sp._ctL99192	3_community; 6_community
SAMN10080902_a1_ct31163_vs1@linear@Podoviridae__sp._ctzUX1	3_community
SAMN10080912_a1_ct20335_vs1@linear@Podoviridae__sp._ctFfL1	3_community
SRR7892431_NODE_5_length_39514_cov_32.711067	3_community
SRR7892456_NODE_33_length_7619_cov_29.800502	3_community; 6_community
ERS795790|NODE_3_length_37118_cov_27.174421	3_community; 5_community; 6_community
MK290739.2	3_community; 5_community
MZ234011.1	3_community; 6_community
NC_047799.1	3_community; 5_community
ON287378.1	3_community; 5_community; 6_community
MN080711.1	3_community
MN252582.1	3_community
MT625440.1	3_community
OK663600.1	3_community
MT822288.1	3_community
NC_048014.1	3_community
NC_048052.1	3_community
Han_2018_ERR1398246_NODE_859_length_15055_cov_4.942867	3_community; 6_community
KC109329.1	3_community; 6_community
MGV-GENOME-0264587	3_community; 6_community
MGV-GENOME-0264710	3_community; 6_community
MGV-GENOME-0268195	3_community; 6_community
MGV-GENOME-0268676	3_community; 6_community
MGV-GENOME-0269006	3_community; 6_community
MGV-GENOME-0269345	3_community; 6_community
MGV-GENOME-0269384	3_community; 6_community
MGV-GENOME-0270012	3_community; 6_community
MK610268.1	3_community; 6_community
MK903277.1	3_community; 6_community
MK903279.1	3_community; 6_community
MN067430.1	3_community; 6_community
MN218775.2	3_community; 6_community
MN414250.1	3_community; 6_community
MN510331.1	3_community; 6_community
MT465573.1	3_community; 6_community
MT496969.1	3_community; 6_community
MT682707.1	3_community; 6_community
MT808983.1	3_community; 6_community
MW042800.1	3_community; 6_community
MW258709.1	3_community; 6_community
MW367418.1	3_community; 6_community
MW416012.1	3_community; 6_community
MW748991.1	3_community; 6_community
MW876471.1	3_community; 6_community
MZ223858.1	3_community; 6_community
MZ234009.1	3_community; 6_community
MZ234021.1	3_community; 6_community
MZ234022.1	3_community; 6_community
MZ234023.1	3_community; 6_community
MZ234024.1	3_community; 6_community
MZ398247.1	3_community; 6_community
MZ648215.1	3_community; 6_community
MZ726794.1	3_community; 6_community
MZ923531.2	3_community; 6_community
NC_007456.1	3_community; 6_community
NC_011042.1	3_community; 6_community
NC_023558.1	3_community; 6_community
NC_024379.1	3_community; 6_community
NC_028977.1	3_community; 6_community
NC_031123.1	3_community; 6_community
NC_031943.1	3_community; 6_community
NC_047772.1	3_community; 6_community
NC_047781.1	3_community; 6_community
NC_047782.1	3_community; 6_community
NC_047808.1	3_community; 6_community
NC_048002.1	3_community; 6_community
NC_048023.1	3_community; 6_community
NC_048071.1	3_community; 6_community
NC_048135.1	3_community; 6_community
NC_048136.1	3_community; 6_community
NC_048161.1	3_community; 6_community
OK210074.1	3_community; 6_community
OL355130.1	3_community; 6_community
OL362275.1	3_community; 6_community
OL362276.1	3_community; 6_community
OL856139.1	3_community; 6_community
OM256482.1	3_community; 6_community
OM355495.1	3_community; 6_community
OM457002.1	3_community; 6_community
OM937123.1	3_community; 6_community
ON548433.1	3_community; 6_community
ON602733.1	3_community; 6_community; 8_community
ON637250.1	3_community; 6_community
OQ031073.1	3_community; 6_community
OQ031074.1	3_community; 6_community
OQ031076.1	3_community; 6_community
Rampelli_10017_NODE_250_length_40110_cov_15.836350	3_community; 6_community
Reyes_2015_F112_T1_NODE_5_length_48935_cov_36.137293	3_community; 6_community
SAMEA2737787_a1_ct23066@circular@Podoviridae__sp._ctBmy066	3_community; 6_community
SAMN00792109_a1_ct16482@circular@Podoviridae__sp._cteXl482	3_community; 6_community
SAMN03418260_a1_ct40487@circular@Podoviridae__sp._ctrUk487	3_community; 6_community
SAMN10080901_a1_ct415@circular@Caudovirales__sp._cty8v415	3_community; 6_community
HG994092.1	3_community
MGV-GENOME-0264970	3_community
MGV-GENOME-0269628	3_community
MGV-GENOME-0270216	3_community
MGV-GENOME-0270879	3_community; 6_community
MGV-GENOME-0270994	3_community
MGV-GENOME-0271146	3_community; 6_community
MGV-GENOME-0271735	3_community
MGV-GENOME-0271769	3_community; 6_community
MGV-GENOME-0272220	3_community
MGV-GENOME-0272248	3_community
MGV-GENOME-0272520	3_community
MGV-GENOME-0272541	3_community
MGV-GENOME-0272651	3_community
MGV-GENOME-0272845	3_community
MGV-GENOME-0273329	3_community
MGV-GENOME-0274160	3_community
MGV-GENOME-0275033	3_community
MGV-GENOME-0275239	3_community
MGV-GENOME-0276411	3_community
MGV-GENOME-0276608	3_community
MK380015.1	3_community
MK380016.1	3_community
MK608335.1	3_community
MN013074.1	3_community
MN013082.1	3_community
MN013085.1	3_community
MN101216.1	3_community
MN101218.1	3_community
MN101227.1	3_community
MN149903.1	3_community
MN149904.1	3_community
MN434093.1	3_community
MN855859.1	3_community
MT419366.1	3_community; 6_community
MT425185.1	3_community
MT542512.1	3_community
MT542697.1	3_community
MT813140.1	3_community
MT813142.1	3_community
MW001769.1	3_community
MW042789.1	3_community
MW042790.1	3_community
MW042791.1	3_community
MW042792.1	3_community
MW042803.1	3_community
MW042806.1	3_community
MW042807.1	3_community
MW296877.1	3_community; 6_community
MW600722.1	3_community
MZ359670.1	3_community
MZ398245.2	3_community
MZ424865.1	3_community; 6_community
MZ428229.1	3_community
MZ501055.1	3_community
MZ501064.1	3_community
MZ571832.1	3_community
Ma_2019_SRR341678_NODE_317_length_41243_cov_67.126032	3_community
NC_001271.1	3_community
NC_003298.1	3_community
NC_010807.1	3_community
NC_011043.1	3_community
NC_013647.1	3_community
NC_022744.1	3_community
NC_025451.1	3_community
NC_028800.1	3_community
NC_028822.1	3_community
NC_031066.1	3_community
NC_031092.1	3_community
NC_031258.1	3_community
NC_047771.1	3_community
NC_047773.1	3_community
NC_047774.1	3_community; 6_community
NC_047780.1	3_community
NC_047842.1	3_community
NC_047843.1	3_community
NC_047844.1	3_community; 6_community
NC_047886.1	3_community
NC_047964.1	3_community
NC_047968.1	3_community
NC_047969.1	3_community
NC_047970.1	3_community
NC_048063.1	3_community
NC_048130.1	3_community
NC_048131.1	3_community
NC_048175.1	3_community
OK138556.1	3_community
OK149215.1	3_community
OL355123.1	3_community
OL355132.1	3_community
OL362281.1	3_community; 6_community
OL362282.1	3_community
OL409034.1	3_community
OL691920.1	3_community
OL744209.1	3_community
OL744212.1	3_community
OL744217.1	3_community
OL799328.1	3_community
ON148528.1	3_community
ON528721.1	3_community
ON528722.1	3_community; 6_community
ON528724.1	3_community; 6_community
ON602742.1	3_community
ON754979.1	3_community
ON880501.1	3_community
ON950090.1	3_community
ON995367.1	3_community
OP617747.1	3_community
OP620754.2	3_community
OP620755.2	3_community
OP620756.2	3_community
OP626794.1	3_community
OP764599.1	3_community
OP917825.1	3_community
OP970825.1	3_community
OP970826.1	3_community
OQ338185.1	3_community
OQ579023.1	3_community; 6_community
OQ579024.1	3_community; 6_community
OQ579025.1	3_community; 6_community
OQ579026.1	3_community; 6_community
OQ579027.1	3_community
OQ579028.1	3_community; 6_community
OQ579029.1	3_community
OQ579030.1	3_community
OQ579031.1	3_community
OQ579032.1	3_community
SAMEA2737831_b1_ct14_vs2@Caudovirales__sp._ctco714@linear	3_community
SAMEA2737832_a1_ct25830@circular@Podoviridae__sp._ctA9Z830	3_community
SAMEA3951737_b1_ct4@circular@Caudovirales__sp._ctUc94	3_community
SAMN00715263_a1_ct11339@circular@Podoviridae__sp._ctbS8339	3_community
SAMN00792106_b1_ct73_vs02@Caudovirales__sp._ctsFK73@linear	3_community
SAMN10080877_a1_ct138@circular@Podoviridae__sp._ctxQr138	3_community
SAMN10080901_a1_ct384@circular@Podoviridae__sp._ctOhC384	3_community
Zuo_2017_SRR5677784_NODE_194_length_16760_cov_1674.172344	3_community
MN450150.1	3_community
MN855776.1	3_community
MN855780.1	3_community
MW057854.1	3_community
NC_019510.1	3_community
ON715521.2	3_community
MGV-GENOME-0236364	4_community
MGV-GENOME-0290541	4_community
AY264776.1	5_community; 40_community
NC_047940.1	5_community; 40_community
Broecker_Sample_ID29-1191-3_NODE_102_length_38363_cov_11.011251	5_community; 40_community
ERS795789|NODE_1_length_38124_cov_7.214622	5_community; 6_community
MGV-GENOME-0199759	5_community
MGV-GENOME-0267196	5_community
MGV-GENOME-0282854	5_community
MT104465.1	5_community
MZ318361.1	5_community
MZ318362.1	5_community
NC_004665.1	5_community
NC_004777.1	5_community
NC_013651.1	5_community
NC_028772.1	5_community
NC_029102.1	5_community
OK169295.1	5_community
OL964748.1	5_community; 40_community
OL964749.1	5_community
OW991346.1	5_community
OX001577.1	5_community
SAMN05826896_a1_ct11019_vs1@linear@Podoviridae__sp._ctmni1	5_community; 42_community
SAMN10080928_a1_ct35515_vs1@linear@Podoviridae__sp._ctoh61	5_community
MK903281.1	6_community
ERS743404|NODE_32_length_28217_cov_9.871387	6_community
MGV-GENOME-0268257	6_community
MN715150.2	6_community
MT862763.1	6_community
MW345254.1	6_community
NC_023576.1	6_community
NC_031018.1	6_community
NC_047777.1	6_community
NC_047829.1	6_community
NC_047927.1	6_community
ERS743411|NODE_47_length_20350_cov_11.596452	7_community; 10_community; 13_community
MGV-GENOME-0210182	7_community; 10_community; 13_community
Monaco_MBA1751_NODE_51_length_20846_cov_12.657737	7_community; 10_community; 13_community
SAMN10080908_a1_ct17258_vs1@linear@Podoviridae__sp._ct7XP1	7_community; 10_community; 13_community
ERS795738|NODE_6_length_8951_cov_3.296011	7_community; 10_community
ERS795739|NODE_5_length_9125_cov_1.804734	7_community; 10_community
ERS795747|NODE_19_length_3809_cov_1.667572	7_community; 10_community
MGV-GENOME-0212100	7_community; 10_community
MGV-GENOME-0237417	7_community; 10_community
MGV-GENOME-0274170	7_community; 10_community
MGV-GENOME-0274238	7_community; 10_community
MGV-GENOME-0275859	7_community; 10_community
MGV-GENOME-0276942	7_community; 10_community
MGV-GENOME-0279665	7_community; 10_community
MGV-GENOME-0279937	7_community; 10_community
MGV-GENOME-0281109	7_community; 10_community
MGV-GENOME-0281169	7_community; 10_community
MGV-GENOME-0281275	7_community; 10_community
MGV-GENOME-0281922	7_community; 10_community
MGV-GENOME-0282689	7_community; 10_community
MGV-GENOME-0284561	7_community; 10_community
MGV-GENOME-0284812	7_community; 10_community
MGV-GENOME-0285457	7_community; 10_community
MGV-GENOME-0285817	7_community; 10_community
MGV-GENOME-0285897	7_community; 10_community
MGV-GENOME-0285952	7_community; 10_community
MGV-GENOME-0289650	7_community; 10_community
MGV-GENOME-0291054	7_community; 10_community
MGV-GENOME-4419570	7_community; 10_community
MGV-GENOME-4420218	7_community; 10_community
Ma_2019_SRR413656_NODE_262_length_43365_cov_74.873378	7_community; 10_community
SAMEA2737699_a1_ct142878_vs1@Podoviridae__sp._ctqfH1	7_community; 10_community
SAMEA2737821_a1_ct5107@circular@Podoviridae__sp._ctK9E107	7_community; 10_community
SAMN00792001_a1_ct26335_vs1@linear@Podoviridae__sp._ctn0y1	7_community; 10_community
SAMN00792040_a1_ct83844_vs1@linear@Podoviridae__sp._ctf4U1	7_community; 10_community
SAMN00792062_a1_ct25901_vs1@linear@Podoviridae__sp._ctQ121	7_community; 10_community
SAMN05414939_a1_ct20204_vs1@Podoviridae__sp._ct8SH1	7_community; 10_community
SAMN05414970_a1_ct129416_vs1@Podoviridae__sp._ctONX1	7_community; 10_community
SAMN05826811_a1_ct30918_vs1@linear@Podoviridae__sp._ctOEg1	7_community; 10_community
SAMN09781697_a1_ct15977_vs1@Podoviridae__sp._ctWZK1	7_community; 10_community
SAMN09781737_a1_ct17738@circular@Podoviridae__sp._ct8dL738	7_community; 10_community
SAMN09781745_a1_ct94991_vs1@Podoviridae__sp._ctLSP1	7_community; 10_community
SAMN09781746_a1_ct21885@circular@Podoviridae__sp._ctSuw885	7_community; 10_community
SAMN09781750_a1_ct244407_vs1@Podoviridae__sp._ctbtW1	7_community; 10_community
SAMN09781762_a1_ct146843_vs1@Podoviridae__sp._ct2sl1	7_community; 10_community
SAMN09781765_a1_ct143422_vs1@Podoviridae__sp._ctUat1	7_community; 10_community
SAMN09781789_a1_ct25844_vs1@Podoviridae__sp._ct22U1	7_community; 10_community
SAMN10080890_a1_ct20749_vs1@linear@Podoviridae__sp._ct9TE1	7_community; 10_community
SAMN10080893_a1_ct2805_vs1@linear@Podoviridae__sp._ctSoB1	7_community; 10_community
SAMN10080900_a1_ct52370_vs1@linear@Podoviridae__sp._ctwYA1	7_community; 10_community
SAMN10080929_a1_ct2022@circular@Podoviridae__sp._ctwSe022	7_community; 10_community
SRR7892429_NODE_8_length_43482_cov_163.852672	7_community; 10_community
SRR7892452_NODE_14_length_39115_cov_96.860573	7_community; 10_community
SRS013158_a1_ct4505@circular@Podoviridae__sp._ctTVI505	7_community; 10_community
SRS050941_a1_ct21852_vs01@Caudovirales__sp._ctZ9U144@linear	7_community; 10_community
SRS051031_a1_ct23890_vs1@Podoviridae__sp._cttRK1	7_community; 10_community
SRS076976_a1_ct21360_vs1@Podoviridae__sp._ctDPa1	7_community; 10_community
MGV-GENOME-0185625	7_community; 10_community
ERS743425|NODE_28_length_17792_cov_14.092688	7_community; 10_community
MGV-GENOME-0279696	7_community; 10_community
MGV-GENOME-0285641	7_community; 10_community
SAMN05414975_a1_ct9769@circular@Podoviridae__sp._ctOHJ769	7_community; 10_community
SAMN09781715_a1_ct8180@circular@Podoviridae__sp._ctMlV180	7_community; 10_community
SAMN09781730_a1_ct47171_vs1@Podoviridae__sp._ctJ131	7_community; 10_community
SAMN09781736_a1_ct7113@circular@Podoviridae__sp._ctEX6113	7_community; 10_community
SAMN09781739_a1_ct12461@circular@Podoviridae__sp._ctDKT461	7_community; 10_community
SAMN09781741_a1_ct9516@circular@Podoviridae__sp._ctc66516	7_community
SAMN09781745_a1_ct171@circular@Podoviridae__sp._ctmma171	7_community; 10_community
SAMN09781785_a1_ct2347@circular@Podoviridae__sp._ct4m2347	7_community; 10_community
SAMN10080902_a1_ct37391_vs1@linear@Podoviridae__sp._ctGRB1	7_community; 10_community
SRR7892427_NODE_15_length_42299_cov_371.946241	7_community; 10_community
SRR7892483_NODE_3_length_44168_cov_108.414186	7_community; 10_community
MGV-GENOME-0255098	7_community; 10_community; 42_community
MGV-GENOME-0282183	7_community; 10_community
MGV-GENOME-0286239	7_community; 10_community
SAMEA2580052_a1_ct4178@circular@Podoviridae__sp._ctd6y178	7_community; 10_community
SAMN00691586_b1_ct8@circular@Caudovirales__sp._ct0jP8	7_community; 10_community
SAMN06164584_a1_ct46617_vs1@linear@Podoviridae__sp._ctP5E1	7_community; 10_community
MGV-GENOME-0297924	8_community
MGV-GENOME-0299782	8_community; 11_community
MGV-GENOME-0300114	8_community; 11_community
MN478376.1	8_community
MN855769.1	8_community
MT680615.1	8_community; 11_community
Ma_2019_SRR341714_NODE_224_length_46619_cov_20.739262	8_community; 11_community
ON148527.1	8_community; 11_community
OP413830.1	8_community; 11_community
SAMN00715264_a1_ct14598@circular@Podoviridae__sp._ctG0N598	8_community; 11_community
NC_047917.1	8_community; 25_community
OK570184.1	8_community; 25_community
MGV-GENOME-0293792	8_community
MN855772.1	8_community
MN855799.1	8_community
MT104467.1	8_community
Ma_2019_SRR341661_NODE_362_length_45429_cov_48.701701	8_community
NC_027330.1	8_community
OK570185.1	8_community
OL362271.1	8_community
SAMN00715211_b1_ct7@circular@Caudovirales__sp._ctjYH7	8_community
SAMN00990286_a1_ct8424@circular@Podoviridae__sp._ctAQR424	8_community
NC_047802.1	8_community
MGV-GENOME-0183280	9_community
SAMN09781776_a1_ct17623@circular@Podoviridae__sp._ctwvK623	9_community
MGV-GENOME-0236426	10_community
MGV-GENOME-0278708	10_community
MGV-GENOME-0282267	10_community
MGV-GENOME-0285783	10_community
MGV-GENOME-0286199	10_community
MGV-GENOME-4420286	10_community
SAMEA2580232_a1_ct96829_vs1@Podoviridae__sp._ct8EC1	10_community
SAMEA2737721_a1_ct19443_vs1@Podoviridae__sp._ctE4i1	10_community
SAMN10080908_a1_ct15670_vs1@linear@Podoviridae__sp._cttss1	10_community
SRS017248_a1_ct361@circular@Podoviridae__sp._ct1JR361	10_community
SRS019397_a1_ct6477@circular@Podoviridae__sp._ct4Qa477	10_community
MGV-GENOME-0178977	10_community
MGV-GENOME-0284046	10_community
MGV-GENOME-0285985	10_community
MGV-GENOME-0286532	10_community
MGV-GENOME-0289602	10_community
MGV-GENOME-4419508	10_community
SAMN05826946_a1_ct4100@circular@Podoviridae__sp._ct4I0100	10_community
SAMN09781756_a1_ct26182@circular@Podoviridae__sp._ctrmI182	10_community
MGV-GENOME-0277192	10_community
MGV-GENOME-0288341	10_community
MGV-GENOME-0289062	10_community
KY295893.1	11_community
Han_2018_ERR1398227_NODE_92_length_44625_cov_34.029616	11_community
KY435490.1	11_community
MGV-GENOME-0188590	11_community
MGV-GENOME-0286699	11_community
MGV-GENOME-0286724	11_community
MGV-GENOME-0287854	11_community
MGV-GENOME-0290208	11_community
MGV-GENOME-0291317	11_community
MGV-GENOME-0291506	11_community
MGV-GENOME-0292351	11_community
MGV-GENOME-0292584	11_community
MGV-GENOME-0294219	11_community
MGV-GENOME-0298320	11_community
MK373771.1	11_community
MK380014.1	11_community
MN384978.1	11_community
MT496971.1	11_community
MW394389.1	11_community
MZ234012.1	11_community
MZ234049.1	11_community
MZ398244.1	11_community
MZ573924.3	11_community
MZ997839.1	11_community
MZ997840.1	11_community
MZ997841.1	11_community
NC_004831.2	11_community
NC_007637.1	11_community
NC_008152.1	11_community
NC_019403.1	11_community
NC_020414.2	11_community
NC_025450.1	11_community; 25_community
NC_027379.1	11_community
NC_027390.1	11_community
NC_028916.1	11_community
NC_031271.1	11_community
NC_047769.1	11_community
NC_047806.1	11_community
NC_047807.1	11_community
NC_047858.1	11_community
NC_047889.1	11_community
NC_047899.1	11_community
NC_048064.1	11_community
OL362272.1	11_community
OL362273.1	11_community
OL744215.1	11_community
OL744218.1	11_community
ON185580.1	11_community
ON461912.1	11_community
ON526839.1	11_community
ON602763.1	11_community
ON602764.1	11_community
ON602765.1	11_community
OP018999.1	11_community
OP038547.1	11_community
OP079918.1	11_community
OP413828.1	11_community
Rampelli_10023_NODE_30_length_45460_cov_4.603634	11_community
SAMEA3951762_b1_ct5@circular@Caudovirales__sp._ctaq55	11_community
SAMN03418267_a1_ct52266_vs1@Podoviridae__sp._ctjbH1	11_community
SAMN05826883_a1_ct3263@circular@Podoviridae__sp._ctDQb263	11_community
OQ135102.1	12_community; 23_community
Zuo_2019_SRR8240690_NODE_577_length_7372_cov_6.590679	12_community; 23_community
ERS698777|NODE_7_length_43252_cov_47.221080	13_community
MGV-GENOME-0275413	13_community
MGV-GENOME-0277355	13_community
MGV-GENOME-0280772	13_community
MGV-GENOME-0283386	13_community
MGV-GENOME-0283569	13_community
MGV-GENOME-0285005	13_community
MGV-GENOME-0286098	13_community
MGV-GENOME-0286857	13_community
MGV-GENOME-0287176	13_community
MGV-GENOME-0287317	13_community
MGV-GENOME-0288021	13_community
MGV-GENOME-0288171	13_community
MGV-GENOME-0289325	13_community
MGV-GENOME-0289604	13_community
MGV-GENOME-0289760	13_community
MGV-GENOME-0290434	13_community
MGV-GENOME-0291141	13_community
MGV-GENOME-0291449	13_community
MGV-GENOME-0294206	13_community
Ma_2019_SRR413717_NODE_194_length_45232_cov_3.487947	13_community
SAMEA2579951_a1_ct11439@circular@Podoviridae__sp._ctFp1439	13_community
SAMEA2579988_a1_ct149655_vs1@Podoviridae__sp._cteYo1	13_community
SAMEA2580142_a1_ct10957@circular@Podoviridae__sp._ctFnt957	13_community
SAMEA2580196_a1_ct23161@circular@Podoviridae__sp._ctiiw161	13_community
SAMEA2737831_b1_ct56_vs2@Caudovirales__sp._ctN5W56@linear	13_community
SAMEA2737857_b1_ct123_vs2@Caudovirales__sp._ct2CC123@linear	13_community
SAMN00715140_b1_ct3@circular@Caudovirales__sp._ctJk43	13_community
SAMN00715265_a1_ct16683@circular@Podoviridae__sp._cthkV683	13_community
SAMN00792026_a1_ct14246@circular@Podoviridae__sp._ct4nY246	13_community
SAMN00792115_a1_ct3992@circular@Podoviridae__sp._ctUIG992	13_community
SAMN00792115_b1_ct5_vs2@Caudovirales__sp._ctYL15@linear	13_community
SAMN03418283_a1_ct11742_vs1@Podoviridae__sp._ctr7A1	13_community
SAMN05414985_a1_ct23717_vs1@Podoviridae__sp._ctlW61	13_community
SAMN05826911_a1_ct892@circular@Podoviridae__sp._ctb8K892	13_community
SAMN05827031_a1_ct9210_vs1@linear@Podoviridae__sp._ctHhE1	13_community
SAMN09781737_a1_ct17663@circular@Podoviridae__sp._ct9eJ663	13_community
SAMN10080901_a1_ct4413_vs1@linear@Podoviridae__sp._ctrM51	13_community
SAMN10080923_a1_ct1134@circular@Podoviridae__sp._ctqI6134	13_community
SAMN10080926_a1_ct9939_vs1@linear@Podoviridae__sp._ctqTj1	13_community
SAMN10080933_a1_ct449@circular@Podoviridae__sp._ct1b8449	13_community
SRS016753_a1_ct9855_vs1@Podoviridae__sp._ctazm1	13_community
SRS045739_a1_ct2269_vs1@Podoviridae__sp._ctiQv1	13_community
SRS150945|NODE_76_length_2559_cov_3.017270	13_community
SRS150947|NODE_1_length_41492_cov_7.237689	13_community
SRS2267549|NODE_15_length_42090_cov_92.874509	13_community
SRS2563949|NODE_184_length_7576_cov_4.461508	13_community
SRS2563956|NODE_35_length_24475_cov_4.775635	13_community
Zuo_2017_SRR5677805_NODE_18_length_44096_cov_275.030063	13_community
MGV-GENOME-0284785	14_community; 62_community
MGV-GENOME-0181932	14_community
MZ666938.1	14_community
SAMN11893695_a1_ct10291@Caudovirales__sp._ctsrI175@circular	14_community
SAMN11893695_a1_ct1401@circular@Podoviridae__sp._ctDeP401	14_community
MGV-GENOME-0281402	14_community; 19_community
MGV-GENOME-0287963	14_community
MGV-GENOME-0303261	14_community
SAMN00791981_a1_ct21530_vs1@linear@Podoviridae__sp._ctd3i1	14_community; 15_community
SAMN09781773_a1_ct191325_vs1@Podoviridae__sp._ct5sW1	14_community
Shkoporov_2019_SRR9161591_NODE_35_length_34889_cov_251.200810	14_community
MGV-GENOME-4421240	15_community
SRS053398_a1_ct89549_vs1@Podoviridae__sp._ct3gf1	15_community
SRS103987_a1_ct3663_vs1@Podoviridae__sp._ctk7i1	15_community
MGV-GENOME-0228168	16_community
MGV-GENOME-0175325	16_community
MGV-GENOME-0234917	16_community
MGV-GENOME-0239111	16_community
MGV-GENOME-0243372	16_community
MGV-GENOME-0246019	16_community
MGV-GENOME-0286705	16_community
MGV-GENOME-0287131	16_community
MGV-GENOME-0287777	16_community
MGV-GENOME-0288344	16_community; 48_community
MGV-GENOME-0288588	16_community
MGV-GENOME-0292384	16_community
MGV-GENOME-0294560	16_community
MGV-GENOME-0298539	16_community
MGV-GENOME-0300683	16_community
MGV-GENOME-0310754	16_community
MGV-GENOME-0312138	16_community
MGV-GENOME-0313274	16_community; 48_community
MGV-GENOME-0315316	16_community
MGV-GENOME-0317034	16_community
MGV-GENOME-0326803	16_community
MGV-GENOME-0341880	16_community
Ma_2019_SRR413656_NODE_205_length_53976_cov_2.821813	16_community
SAMEA1906581_a1_ct263490_vs1@Podoviridae__sp._ct96g1	16_community
SAMEA2737724_a1_ct159311_vs1@Podoviridae__sp._ct68A1	16_community
SAMEA2737738_a1_ct2644_vs1@Podoviridae__sp._ctT9Z1	16_community
SAMEA2737745_b1_ct72_vs5@Caudovirales__sp._ctuRW72@linear	16_community
SAMN00792016_a1_ct32941_vs1@linear@Podoviridae__sp._ctNNQ1	16_community
SAMN00792070_a1_ct77231_vs1@linear@Podoviridae__sp._ctrye1	16_community
SAMN00792082_a1_ct26785_vs1@linear@Podoviridae__sp._ctlP51	16_community
SAMN05826507_a1_ct46226_vs1@linear@Podoviridae__sp._ct6Ot1	16_community
SAMN06164501_a1_ct44508_vs1@linear@Podoviridae__sp._ctEL51	16_community
SAMN09781719_a1_ct152152_vs1@Podoviridae__sp._ctyo21	16_community
SAMN09781734_a1_ct1860@circular@Podoviridae__sp._cttZh860	16_community
SAMN09781784_a1_ct238708_vs1@Podoviridae__sp._ctYoa1	16_community
SRS053356_a1_ct82222_vs1@Podoviridae__sp._ctwK41	16_community
SRS144537_a1_ct38854_vs1@Podoviridae__sp._ctHvd1	16_community
SRS2563886|NODE_27_length_44212_cov_34.144620	16_community
SRS2563907|NODE_23_length_45008_cov_88.453032	16_community
SRS2563914|NODE_14_length_44751_cov_36.005347	16_community
SRS2563919|NODE_20_length_45293_cov_230.310977	16_community
MGV-GENOME-0290389	16_community
MGV-GENOME-0293437	16_community
MT740748.1	17_community
OM716005.1	17_community
NC_048201.1	18_community
NC_047997.1	18_community
MN729596.1	18_community
MH179478.2	18_community
MN729597.1	18_community
MT104466.1	18_community
MT711887.2	18_community
MT711890.1	18_community
MZ501272.1	18_community
MZ826346.1	18_community
MZ826354.1	18_community
NC_015208.1	18_community
NC_015264.1	18_community
NC_021062.1	18_community
NC_023005.1	18_community
NC_024362.1	18_community
NC_027292.1	18_community
NC_028661.1	18_community
NC_047747.1	18_community
NC_047873.1	18_community
NC_047874.1	18_community
NC_047922.1	18_community
NC_047965.1	18_community
NC_047981.1	18_community
NC_048200.1	18_community
OK094519.1	18_community
OK523998.1	18_community
OK523999.1	18_community
OL581611.1	18_community
OM131411.1	18_community
OM471789.1	18_community
ON189046.1	18_community
OP485124.1	18_community
MT711889.1	18_community
OM282085.1	18_community
OP924544.1	18_community
OQ622254.1	18_community
SAMN10408130_a1_ct2517_vs1@linear@Podoviridae__sp._ctk5T1	18_community
Zuo_2019_SRR8240683_NODE_207_length_19048_cov_34.129837	18_community
MGV-GENOME-0268939	19_community
MGV-GENOME-0264505	19_community
MGV-GENOME-0282142	19_community
MGV-GENOME-0288322	19_community
MGV-GENOME-0308428	19_community
MGV-GENOME-0313241	19_community
MGV-GENOME-0324079	19_community
Ma_2019_SRR341598_NODE_1463_length_8865_cov_1.864926	19_community
Ma_2019_SRR413664_NODE_176_length_60027_cov_3.989445	19_community
Ma_2019_SRR413761_NODE_790_length_44409_cov_2.479032	19_community
SAMEA2737728_b1_ct63_vs2@Caudovirales__sp._ctm5763@linear	19_community
SAMEA2737767_a1_ct23580_vs1@Podoviridae__sp._ctUvJ1	19_community
SAMEA2737775_a1_ct86773_vs1@Podoviridae__sp._ctxwY1	19_community
SAMN00792030_a1_ct14705_vs1@linear@Podoviridae__sp._ctzpS1	19_community
SAMN00792095_a1_ct105332_vs1@linear@Podoviridae__sp._ct4uZ1	19_community
SAMN00792117_a1_ct103195_vs1@linear@Podoviridae__sp._ctBQ51	19_community
SRS011084_a1_ct140720_vs1@Podoviridae__sp._ctONr1	19_community
SRS013098_a1_ct43908_vs1@Podoviridae__sp._ctuNo1	19_community
SRS022137_a1_ct14766_vs1@Podoviridae__sp._ctpbD1	19_community
SRS023176_a1_ct39531_vs1@Podoviridae__sp._ctMvf1	19_community
SRS049773_a1_ct7991_vs1@Podoviridae__sp._ctaIP1	19_community
SRS413839|NODE_13_length_43139_cov_5.887058	19_community
SRS413840|NODE_14_length_41924_cov_5.009912	19_community
SRS413841|NODE_21_length_41648_cov_6.817950	19_community
SRS415862|NODE_37_length_43849_cov_31.968146	19_community
SRS415863|NODE_33_length_43849_cov_16.001416	19_community
SRS415864|NODE_30_length_43893_cov_34.246818	19_community
SRS415865|NODE_27_length_43897_cov_24.933420	19_community
SRS415867|NODE_28_length_43731_cov_7.241757	19_community
SRS415868|NODE_39_length_43850_cov_17.578240	19_community
SRS415869|NODE_57_length_43898_cov_55.272563	19_community
SRS415870|NODE_52_length_43849_cov_55.317601	19_community
SRS415871|NODE_24_length_43669_cov_13.366969	19_community
SRS415872|NODE_25_length_43849_cov_21.997237	19_community
SRS415873|NODE_28_length_43893_cov_23.009581	19_community
SRS415874|NODE_16_length_42932_cov_5.893323	19_community
SRS415877|NODE_36_length_43849_cov_26.962232	19_community
SRS415878|NODE_14_length_43592_cov_6.563658	19_community
SRS415879|NODE_50_length_43893_cov_46.770678	19_community
SRS415880|NODE_52_length_43893_cov_62.531548	19_community
SRS415881|NODE_59_length_11690_cov_5.369918	19_community
MGV-GENOME-0265313	20_community
MGV-GENOME-0263411	20_community
MGV-GENOME-0271065	20_community
MGV-GENOME-0272106	20_community
MGV-GENOME-0278071	20_community
MGV-GENOME-0282627	20_community
MGV-GENOME-0286565	20_community
MGV-GENOME-0293950	20_community
MGV-GENOME-0302404	20_community
MGV-GENOME-0341798	20_community
Ma_2019_SRR413721_NODE_356_length_49590_cov_5.007025	20_community
SAMEA2579943_a1_ct6812_vs1@Podoviridae__sp._ct9Nf1	20_community
SAMEA2579985_a1_ct6869_vs1@Podoviridae__sp._ctANK1	20_community
SAMEA2579986_a1_ct9371_vs1@Podoviridae__sp._ct2Kl1	20_community
SAMEA2580074_a1_ct18185_vs1@Podoviridae__sp._ctvpK1	20_community
SAMEA2580107_a1_ct32172_vs1@Podoviridae__sp._ctxvX1	20_community
SAMEA2580258_b1_ct1@circular@Caudovirales__sp._ctfpU1	20_community
SAMEA2738174_b1_ct1@circular@Caudovirales__sp._ctfqG1	20_community
SAMN01041764_a1_ct4272_vs1@linear@Podoviridae__sp._ctiOT1	20_community
SAMN11031379_a1_ct2109@circular@Podoviridae__sp._ctlL0109	20_community
SAMN11031435_a1_ct46698_vs1@linear@Podoviridae__sp._ctqVp1	20_community
SRS011086_a1_ct20066_vs1@Podoviridae__sp._ctkdp1	20_community
SRS011115_a1_ct72071_vs1@Podoviridae__sp._ctmbo1	20_community
SRS013705_a1_ct154729_vs1@Podoviridae__sp._ctblk1	20_community
SRS019437_a1_ct11709_vs1@Podoviridae__sp._ctl0M1	20_community
SRS022530_a1_ct19528_vs1@Podoviridae__sp._ctnmL1	20_community
SRS024015_a1_ct22072_vs1@Podoviridae__sp._ctjfL1	20_community
SRS047824_a1_ct29328_vs1@Podoviridae__sp._ctGTV1	20_community
SRS049147_a1_ct39890_vs01@Caudovirales__sp._ctt8P93@linear	20_community
SRS104087_a1_ct27333_vs01@Caudovirales__sp._ctoV5191@linear	20_community
SRS104087_a1_ct27333_vs1@Podoviridae__sp._ctCcj1	20_community
SRS104165_a1_ct19351_vs1@Podoviridae__sp._ctgLL1	20_community
SRS104962_a1_ct64763@Caudovirales__sp._ct39L185@circular	20_community
SRS142883_a1_ct37128_vs01@Caudovirales__sp._ctVuA99@linear	20_community
SRS142883_a1_ct37128_vs1@Podoviridae__sp._ctfd61	20_community
SRS144560_a1_ct7771@circular@Podoviridae__sp._ct8UA771	20_community
SRS144701_a1_ct35891_vs1@Podoviridae__sp._ctMqL1	20_community
SRS147149_a1_ct15502@circular@Podoviridae__sp._ctN9o502	20_community
SRS147149_a1_ct28466@Caudovirales__sp._ctPLy18@circular	20_community
SRS147664_a1_ct12867@Caudovirales__sp._ct6cG15@circular	20_community
NC_047961.1	21_community
NC_048057.1	21_community
NC_048059.1	21_community
NC_048060.1	21_community
MGV-GENOME-0345939	22_community
ERS795871|NODE_85_length_2992_cov_1.543106	22_community
MGV-GENOME-0346822	22_community
MGV-GENOME-0347430	22_community
MGV-GENOME-4430969	22_community
SAMEA2737761_a1_ct21606@circular@Podoviridae__sp._ct7U5606	22_community
SAMN00691414_b1_ct5@circular@Podoviridae__sp._ctrmE5	22_community
Zuo_2017_SRR5677772_NODE_453_length_6636_cov_5.118067	22_community
Zuo_2017_SRR5677825_NODE_219_length_13855_cov_7.022899	22_community
SRS015596_a1_ct15919_vs1@Podoviridae__sp._ctNDg1	22_community; 28_community
SRS015890_a1_ct19784_vs1@Podoviridae__sp._cti5T1	22_community; 57_community
SRS047113_a1_ct10531@circular@Podoviridae__sp._ctfNC531	22_community; 28_community
SRS064329_a1_ct8252@circular@Podoviridae__sp._cty6T252	22_community; 28_community
SRS146738_a1_ct23551@Podoviridae__sp._ctQ9m114@circular	22_community; 28_community
NC_029092.1	23_community
OQ137559.1	23_community
MK903280.1	23_community
MZ326858.1	23_community
MGV-GENOME-0323930	24_community
MGV-GENOME-0250214	24_community
MGV-GENOME-0232378	24_community
MGV-GENOME-0286879	24_community; 32_community; 38_community
MGV-GENOME-0316654	24_community
MGV-GENOME-0319816	24_community
MGV-GENOME-0369781	24_community; 32_community
MGV-GENOME-4427816	24_community; 32_community
Ma_2019_SRR413636_NODE_160_length_48833_cov_4.499549	24_community; 38_community
SAMEA2737662_a1_ct153951_vs1@Podoviridae__sp._ct3Jb1	24_community
SAMEA2737737_a1_ct58735_vs1@Podoviridae__sp._ctHfk1	24_community; 32_community
SAMN00792056_a1_ct16161_vs1@linear@Podoviridae__sp._ctPQU1	24_community
SAMN10080902_a1_ct1748@circular@Podoviridae__sp._ctCV2748	24_community
SAMN10407347_a1_ct234504_vs1@Podoviridae__sp._ctUGo1	24_community; 38_community
SAMN11031281_a1_ct6733@circular@Podoviridae__sp._ctoVG733	24_community; 32_community
SRS2267609|NODE_3_length_42877_cov_65.019803	24_community
MGV-GENOME-0251097	24_community; 38_community
MGV-GENOME-0289929	24_community; 32_community
Ma_2019_SRR341681_NODE_306_length_44253_cov_3.983054	24_community; 32_community
SAMEA2737792_a1_ct131944_vs1@Podoviridae__sp._ct33c1	24_community; 32_community
MGV-GENOME-0276988	24_community; 32_community
Ma_2019_SRR413705_NODE_381_length_40031_cov_2.251976	24_community; 32_community
SAMN05827247_a1_ct21657_vs1@linear@Podoviridae__sp._ctqno1	24_community; 32_community
KY744566.1	25_community
MK455769.1	25_community
MK455770.1	25_community
MN807240.1	25_community
MW865291.1	25_community
NC_019542.1	25_community
NC_025822.1	25_community
NC_047746.1	25_community
NC_009014.1	25_community
MK820013.2	25_community
NC_047803.1	25_community; 93_community
OM486945.2	25_community
MGV-GENOME-0274216	26_community
MGV-GENOME-0266658	26_community
MGV-GENOME-0276167	26_community
MGV-GENOME-0276746	26_community
MGV-GENOME-0276902	26_community
MGV-GENOME-0280925	26_community
MGV-GENOME-0285308	26_community
MGV-GENOME-0290377	26_community
MGV-GENOME-0297206	26_community
MGV-GENOME-0337864	26_community
MGV-GENOME-0354815	26_community
SAMEA2737687_b1_ct33_vs2@Caudovirales__sp._ctJtn33@linear	26_community
SAMN04571722_a1_ct55232_vs1@linear@Podoviridae__sp._ct9Rm1	26_community
SAMN05826502_a1_ct5095@circular@Podoviridae__sp._ctS0N095	26_community
SAMN09781693_a1_ct69033_vs1@Podoviridae__sp._ctPlM1	26_community
SAMN09781764_a1_ct14931@circular@Podoviridae__sp._ctV2r931	26_community
SAMN09781779_a1_ct38569@circular@Podoviridae__sp._ctfYK569	26_community
SAMN10080886_a1_ct4163@circular@Podoviridae__sp._ctfKE163	26_community
SAMN11893766_a1_ct401@circular@Podoviridae__sp._ct4my401	26_community
SAMN11893768_a1_ct5637@Caudovirales__sp._ctrkh170@circular	26_community
SRS148253_a1_ct115540_vs01@Caudovirales__sp._ctSaR122@linear	26_community
SRS148253_a1_ct115540_vs1@Podoviridae__sp._ctgVc1	26_community
SRS2563886|NODE_34_length_40800_cov_147.921217	26_community
SRS2563906|NODE_220_length_3018_cov_3.135673	26_community
SRS2563907|NODE_34_length_40800_cov_245.440349	26_community
SRS2563914|NODE_23_length_40800_cov_221.035661	26_community
SRS2563918|NODE_27_length_41540_cov_95.483741	26_community
SRS2563919|NODE_35_length_40800_cov_2738.333292	26_community
Shkoporov_2019_SRR9161580_NODE_13_length_41540_cov_70.743570	26_community
ERS743426|NODE_24_length_38780_cov_14.227450	27_community; 48_community
ERS743403|NODE_20_length_39239_cov_57.072453	27_community
MGV-GENOME-0253942	27_community
MGV-GENOME-0266689	27_community
MGV-GENOME-0270993	27_community
MGV-GENOME-0272175	27_community
MGV-GENOME-0275658	27_community
MGV-GENOME-0277476	27_community
MGV-GENOME-0281900	27_community
MGV-GENOME-0328336	27_community
SAMN04571723_a1_ct137896_vs1@linear@Podoviridae__sp._ctFYU1	27_community
SAMN05414937_a1_ct244565_vs1@Podoviridae__sp._ctXEo1	27_community
SAMN05414987_a1_ct7799@circular@Podoviridae__sp._ctU3b799	27_community
SAMN09781683_a1_ct2424@circular@Podoviridae__sp._ctmdS424	27_community
SAMN09781758_a1_ct1470@circular@Podoviridae__sp._ctrRq470	27_community
SAMN09781772_a1_ct33739_vs1@Podoviridae__sp._ct5qD1	27_community
SAMN10080904_a1_ct2294@circular@Caudovirales__sp._ctAzv294	27_community
SAMN10080915_a1_ct3565@circular@Podoviridae__sp._ct6Dv565	27_community
SRR7892431_NODE_95_length_7898_cov_22.015300	27_community
SRR7892433_NODE_9_length_42343_cov_52.509979	27_community
SRR7892464_NODE_6_length_42680_cov_76.028880	27_community
SRS146764_a1_ct121475_vs01@Caudovirales__sp._ctqMT155@linear	27_community
SRS146764_a1_ct121475_vs1@Podoviridae__sp._ctHIi1	27_community
SAMEA2738138_b1_ct10@circular@Podoviridae__sp._ctZUq10	28_community
MGV-GENOME-0353062	28_community
SRS011247_a1_ct7540@circular@Podoviridae__sp._ctUDd540	28_community
SRS011306_a1_ct13150@circular@Podoviridae__sp._ctIs2150	28_community
SRS014573_a1_ct22863_vs1@Podoviridae__sp._ctTce1	28_community
SRS014888_a1_ct10938@circular@Podoviridae__sp._ctvt9938	28_community
SRS015174_a1_ct11199@circular@Podoviridae__sp._ct9Qh199	28_community
SRS017209_a1_ct4787_vs1@Podoviridae__sp._ctlOl1	28_community
SRS022145_a1_ct1_vs1@Caudovirales__sp._ct7Yp1	28_community
SRS042910_a1_ct8671@circular@Podoviridae__sp._ct2WC671	28_community
SRS043461_a1_ct14623_vs1@Podoviridae__sp._ct0yR1	28_community
SRS044486_a1_ct4843@circular@Podoviridae__sp._ctEdD843	28_community
SRS045602_a1_ct6836@circular@Podoviridae__sp._ctOkd836	28_community
SRS049147_a1_ct9285@circular@Podoviridae__sp._ctVsq285	28_community
SRS058336_a1_ct10856@circular@Podoviridae__sp._ctNyu856	28_community
SRS062714_a1_ct13454@circular@Podoviridae__sp._ctz4Z454	28_community
SRS063373_a1_ct10581@circular@Podoviridae__sp._ctt8L581	28_community
SRS077300_a1_ct9911@circular@Podoviridae__sp._ct29Q911	28_community
SRS077322_a1_ct22604@circular@Podoviridae__sp._ctjkZ604	28_community
SRS144302_a1_ct18437_vs01@Podoviridae__sp._ctN2O101@linear	28_community
SRS144368_a1_ct35956_vs01@Podoviridae__sp._ctuzx26@linear	28_community
SRS148820_a1_ct27022@Caudovirales__sp._cthYo175@circular	28_community
LR798386.1	29_community
LR796349.1	29_community
MGV-GENOME-0328026	29_community; 65_community
MH598801.1	29_community; 89_community
MN988539.1	29_community
NC_025431.1	29_community
NC_047738.1	29_community; 33_community; 54_community
LR796849.1	29_community
MH598806.1	29_community; 89_community
SAMN04262467_a1_ct4897_vs1@Podoviridae__sp._ctJcq1	29_community
MT708545.1	29_community
MGV-GENOME-0294571	30_community
MGV-GENOME-0252610	30_community
MGV-GENOME-0296543	30_community
MGV-GENOME-0295099	31_community; 52_community
MGV-GENOME-0224120	31_community
MGV-GENOME-0299651	31_community
MGV-GENOME-0322767	31_community
MGV-GENOME-0272232	32_community; 38_community
MGV-GENOME-0267044	32_community
MGV-GENOME-0343445	32_community
SAMEA2737792_a1_ct48967_vs1@Podoviridae__sp._ctwup1	32_community
SAMN00792079_a1_ct12412@circular@Podoviridae__sp._ctUsJ412	32_community
MW023914.1	33_community
LR796537.1	33_community
LR796356.1	33_community
LR796773.1	33_community
LR798198.1	33_community
MH598807.1	33_community; 54_community
MT375520.1	33_community; 54_community
MW980070.1	33_community
NC_047705.1	33_community; 54_community
MH598802.1	33_community; 54_community
MT375530.1	33_community; 54_community
MH598798.1	33_community; 54_community
MH579717.1	33_community; 54_community
MH598803.1	33_community; 54_community
MH598804.1	33_community; 54_community
MH598805.1	33_community; 54_community; 89_community
NC_020483.1	33_community; 54_community
HQ641342.1	34_community
HQ641341.1	34_community
HQ641343.1	34_community
HQ641344.1	34_community
JQ780163.1	34_community
KY883644.1	34_community
KY883645.1	34_community
KY883648.1	34_community
KY883649.1	34_community
KY883651.1	34_community
MF574151.1	34_community
MGV-GENOME-0260459	34_community
NC_007149.1	34_community
NC_015159.1	34_community
ON464735.2	34_community
MGV-GENOME-0348288	35_community
ERS698786|NODE_3_length_76173_cov_1678.751649	35_community
MGV-GENOME-0348616	35_community
MGV-GENOME-0348822	35_community
MGV-GENOME-0349022	35_community
MGV-GENOME-0349195	35_community
MGV-GENOME-0349225	35_community
MGV-GENOME-0349583	35_community
Ma_2019_SRR413568_NODE_106_length_76332_cov_85.365471	35_community
SAMEA2737674_a1_ct1064@circular@Podoviridae__sp._ctZOb064	35_community
SAMEA2737787_a1_ct22526@circular@Podoviridae__sp._ct2sf526	35_community
SAMEA2737841_a1_ct15556@circular@Podoviridae__sp._ctpun556	35_community
SAMN00791913_a1_ct1999@circular@Podoviridae__sp._ctuqh999	35_community
SAMN00993239_a1_ct10242_vs1@linear@Podoviridae__sp._ctsqU1	35_community
SAMN11031293_a1_ct3915@circular@Podoviridae__sp._ctEKN915	35_community
MGV-GENOME-0348541	35_community
MW015080.1	36_community
GU071093.1	36_community
NC_006882.2	36_community
NC_016656.1	36_community
NC_016657.1	36_community
NC_020838.1	36_community
NC_025456.1	36_community
NC_048026.1	36_community
NC_048034.1	36_community
NC_048184.1	36_community
MT424636.1	36_community
NC_020867.1	36_community
NC_025464.1	36_community
NC_047710.1	36_community
NC_048171.1	36_community
NC_048183.1	36_community
NC_047751.1	37_community
NC_023736.1	37_community
OK274245.1	37_community
OK318991.1	37_community
OP313111.1	37_community
OP947225.1	37_community
OP947227.1	37_community
MGV-GENOME-0274361	38_community
MGV-GENOME-0275632	38_community
Ma_2019_SRR413741_NODE_323_length_41452_cov_4.544919	38_community
SAMN00792086_a1_ct5078@circular@Podoviridae__sp._ctYaN078	38_community
SAMN05826635_a1_ct2112@circular@Podoviridae__sp._ctHMe112	38_community
MGV-GENOME-0272119	38_community
MGV-GENOME-0265910	38_community
MGV-GENOME-0273444	38_community
MGV-GENOME-0316438	38_community
SAMN05826882_a1_ct3060@circular@Podoviridae__sp._ctUKL060	38_community
SAMN09781721_a1_ct3284@circular@Podoviridae__sp._ctHFj284	38_community
SAMN11031433_a1_ct2161@circular@Podoviridae__sp._ctQT6161	38_community
SRS015893_a1_ct13684@circular@Podoviridae__sp._ct3W9684	39_community
SRS013234_a1_ct18780_vs1@Podoviridae__sp._ctuMO1	39_community
SRS018791_a1_ct23967@Podoviridae__sp._ctOLf161@circular	39_community
SRS019127_a1_ct12952_vs01@Caudovirales__sp._ctneZ164@linear	39_community
SRS019127_a1_ct12952_vs1@Podoviridae__sp._ctZPX1	39_community
SRS021897_a1_ct33498_vs1@Podoviridae__sp._ct4Qu1	39_community
SRS024277_a1_ct84453_vs01@Caudovirales__sp._ctUWb159@linear	39_community
SRS024277_a1_ct84453_vs1@Podoviridae__sp._ctfIX1	39_community
SRS043275_a1_ct19725@Podoviridae__sp._ctrjT43@circular	39_community
SRS047210_a1_ct28435_vs1@Podoviridae__sp._ct4E41	39_community
SRS057539_a1_ct17553@circular@Podoviridae__sp._cts4A553	39_community
SRS097905_a1_ct26479_vs01@Caudovirales__sp._ctucz131@linear	39_community
SRS097905_a1_ct26479_vs1@Podoviridae__sp._ct6hS1	39_community
SRS104165_a1_ct44642_vs01@Caudovirales__sp._ctIwJ35@linear	39_community
SRS104830_a1_ct36715_vs01@Caudovirales__sp._ctFZx11@linear	39_community
SRS148361_a1_ct20132@Podoviridae__sp._ctHw097@circular	39_community
LT961836.1	40_community
LT961838.1	40_community
LT961846.1	40_community
NC_047934.1	40_community
LT961837.1	40_community
NC_015271.1	40_community
NC_047935.1	40_community
NC_047936.1	40_community
NC_047937.1	40_community
MGV-GENOME-0346068	41_community
ERS743404|NODE_11_length_73614_cov_79.587800	41_community
MGV-GENOME-0346511	41_community
MGV-GENOME-0347087	41_community
MGV-GENOME-0347339	41_community
SAMEA2737827_a1_ct14728@circular@Podoviridae__sp._ctGCz728	41_community
SAMN09781775_a1_ct23918@circular@Podoviridae__sp._ctxA5918	41_community
SAMN10080887_a1_ct2414@circular@Podoviridae__sp._ctCQS414	41_community
SAMN10080893_a1_ct138@circular@Podoviridae__sp._ct2QQ138	41_community
SAMN10408156_a1_ct3306@circular@Podoviridae__sp._ct4dE306	41_community
SRR7892449_NODE_1_length_72873_cov_5811.685778	41_community
SRS2267528|NODE_2_length_72465_cov_19.743723	41_community
Zuo_2017_SRR5677790_NODE_4_length_74199_cov_1943.744227	41_community
ERS795769|NODE_3_length_21667_cov_4.978134	42_community
MGV-GENOME-0292219	42_community
MGV-GENOME-0295590	42_community
MGV-GENOME-0302819	42_community
SAMN10080883_a1_ct24422_vs1@linear@Podoviridae__sp._ct2Oz1	42_community
SAMN10080897_a1_ct22310_vs1@linear@Podoviridae__sp._ctELj1	42_community
SAMN10080899_a1_ct11709_vs1@linear@Podoviridae__sp._cteo31	42_community
SAMN10080908_a1_ct28531_vs1@linear@Podoviridae__sp._cteIP1	42_community
SRR7892461_NODE_4_length_47009_cov_68.309686	42_community
SRR7892470_NODE_3_length_47496_cov_1187.939124	42_community
MGV-GENOME-0275042	42_community
OM416764.1	43_community
OM416763.1	43_community
OM416765.1	43_community
OM416766.1	43_community
OM416767.1	43_community
OM416768.1	43_community
OM416769.1	43_community
OM416770.1	43_community
OM416771.1	43_community
OM416772.1	43_community
OM416774.1	43_community
OM416776.1	43_community
OM416777.1	43_community
OM416779.1	43_community
SRS015644_a1_ct23904_vs1@Podoviridae__sp._ctG5D1	44_community; 67_community
SRS014124_a1_ct17636_vs1@Podoviridae__sp._ctHHY1	44_community
SRS011115_a1_ct154849_vs1@Podoviridae__sp._ct78r1	44_community
SRS014404_a1_ct9375@circular@Podoviridae__sp._ctpUx375	44_community
SRS014692_a1_ct5730_vs1@Podoviridae__sp._ctFTG1	44_community
SRS014728_a1_ct18994_vs1@Podoviridae__sp._ct1y31	44_community
SRS016569_a1_ct17846_vs1@Podoviridae__sp._cthux1	44_community
SRS019027_a1_ct17128_vs1@Podoviridae__sp._ctOK81	44_community
SRS019028_a1_ct91283_vs1@Podoviridae__sp._ctYqZ1	44_community
SRS022464_a1_ct10786_vs1@Podoviridae__sp._ctv4K1	44_community
SRS077508_a1_ct67868_vs1@Podoviridae__sp._ctZHi1	44_community
SRS102808_a1_ct28624_vs1@Podoviridae__sp._ctVnB1	44_community
SRS104830_a1_ct29152_vs1@Podoviridae__sp._ctq411	44_community
SRS143678_a1_ct19922_vs1@Podoviridae__sp._ctPlt1	44_community
MGV-GENOME-0271295	45_community
MGV-GENOME-0287507	45_community
SAMN05827183_a1_ct4984@circular@Podoviridae__sp._ctWx7984	45_community
MGV-GENOME-0261429	46_community
Han_2018_ERR1398252_NODE_3961_length_7003_cov_3.469775	46_community
MGV-GENOME-0262784	46_community
MGV-GENOME-0263392	46_community
MGV-GENOME-0267293	46_community
MGV-GENOME-0268032	46_community
MGV-GENOME-0268980	46_community
MGV-GENOME-0269704	46_community
MGV-GENOME-0314607	46_community
Ma_2019_SRR413647_NODE_392_length_38739_cov_10.265950	46_community
SAMN00791992_a1_ct8587_vs1@linear@Podoviridae__sp._cttKm1	46_community
SRS054869_a1_ct9621_vs1@Podoviridae__sp._ctE9W1	46_community
MGV-GENOME-0350217	47_community
MGV-GENOME-0347797	47_community
SRS012916_a1_ct3784@circular@Podoviridae__sp._ct4Qp784	47_community
SRS016456_a1_ct12739@circular@Podoviridae__sp._ct4k9739	47_community
SRS023837_a1_ct821_vs01@Caudovirales__sp._ctHMl5@linear	47_community
SRS024015_a1_ct31316@Podoviridae__sp._ctoiC76@circular	47_community
SRS048791_a1_ct10163@circular@Podoviridae__sp._ctKh0163	47_community
SRS076764_a1_ct29664_vs1@Podoviridae__sp._ctVCO1	47_community
SRS076951_a1_ct7054@circular@Podoviridae__sp._cthz0054	47_community
SRS147436_a1_ct3989_vs01@Caudovirales__sp._ctqF7171@linear	47_community
SRS147438_a1_ct7839@Podoviridae__sp._ctf7B185@circular	47_community
SRS148514_a1_ct19308@Podoviridae__sp._ctBiH34@circular	47_community
SRS2563908|NODE_15_length_37817_cov_14.857502	48_community
SRS2563924|NODE_20_length_36675_cov_18.731486	48_community
SRS2563918|NODE_28_length_41471_cov_18.281582	48_community
SAMEA2580140_a1_ct46243_vs1@Podoviridae__sp._ctocX1	48_community; 72_community
MGV-GENOME-0296637	48_community
SAMEA2737752_a1_ct13252_vs1@Podoviridae__sp._ctCJG1	48_community
MGV-GENOME-0341937	49_community
MGV-GENOME-0340467	49_community
SAMEA2737935_b1_ct4@circular@Podoviridae__sp._ctA7p4	49_community
SAMEA2737994_b1_ct6@circular@Podoviridae__sp._ctjya6	49_community
SRS011255_a1_ct21692@circular@Podoviridae__sp._ctS0o692	49_community
SRS017691_a1_ct62922@Podoviridae__sp._ctdx3177@circular	49_community
NC_047894.1	50_community; 59_community
NC_047836.1	50_community
NC_047821.1	50_community
MGV-GENOME-0173242	51_community
ERS795879|NODE_7_length_9073_cov_3.780237	51_community
MGV-GENOME-0224069	51_community
Reyes_2015_F268_T2_NODE_12_length_32917_cov_5.024611	51_community
SAMN09781779_a1_ct287377_vs1@Podoviridae__sp._ctvve1	51_community
SAMN11031324_a1_ct6049@circular@Podoviridae__sp._ct7cn049	51_community
SAMN12237093_a1_ct16@circular@Podoviridae__sp._ctJnb16	51_community
SAMN05826545_a1_ct740@circular@Podoviridae__sp._ct18b740	51_community
MGV-GENOME-0263360	51_community
MGV-GENOME-0150506	52_community
MGV-GENOME-0150089	52_community
MGV-GENOME-0253548	52_community
MGV-GENOME-0277113	52_community
SRS142883_a1_ct29027_vs1@Podoviridae__sp._ct1Q81	52_community
SRS144000_a1_ct16781_vs1@Podoviridae__sp._ct5wZ1	52_community
MGV-GENOME-0243489	52_community
SRS058693_a1_ct30844_vs1@Podoviridae__sp._ctQlc1	53_community
SRS018610_a1_ct10812@circular@Podoviridae__sp._ctyMZ812	53_community
SRS018439_a1_ct95901@Podoviridae__sp._ctWK2190@circular	53_community
SRS056622_a1_ct14618@circular@Podoviridae__sp._ctzYM618	53_community
SRS077016_a1_ct14633@circular@Podoviridae__sp._ct1cu633	53_community
SRS142896_a1_ct16054@Podoviridae__sp._ct6ww188@circular	53_community
SRS142896_a1_ct9888@circular@Caudovirales__sp._ctqxJ888	53_community
SRS143529_a1_ct52157@Podoviridae__sp._ctZdk192@circular	53_community
SRS147664_a1_ct9573@circular@Podoviridae__sp._ctwAW573	53_community
MT375528.1	54_community
MGV-GENOME-0297339	55_community
ERS795768|NODE_1_length_45055_cov_19.744703	55_community
MGV-GENOME-0297403	55_community
SAMN10080904_a1_ct2264@circular@Podoviridae__sp._ctMno264	55_community
SAMN10080907_a1_ct2236@circular@Podoviridae__sp._ctOVL236	55_community
SRR7892428_NODE_76_length_6938_cov_128.007991	55_community
MGV-GENOME-0346808	56_community
MGV-GENOME-0346098	56_community
MGV-GENOME-0346851	56_community
MGV-GENOME-0347705	56_community
SAMN09781707_a1_ct182127_vs1@Podoviridae__sp._ct4mi1	56_community
SAMN09781711_a1_ct53252_vs1@Podoviridae__sp._ctjXe1	56_community
SAMN09781759_a1_ct8546_vs1@Podoviridae__sp._ct8Vl1	56_community
MGV-GENOME-0346327	57_community
MGV-GENOME-4430699	57_community
MN685189.2	58_community
MN270889.1	58_community
MN685190.2	58_community
NC_047888.1	58_community
NC_047946.1	58_community
MT941682.1	59_community
NC_047954.1	59_community
NC_047955.1	59_community
NC_047956.1	59_community
NC_047957.1	59_community
SRS014476_a1_ct13730_vs1@Podoviridae__sp._ctfeR1	60_community
MGV-GENOME-0344288	60_community
SRS015060_a1_ct9260@circular@Podoviridae__sp._ctWxh260	60_community
SRS045262_a1_ct9141_vs01@Caudovirales__sp._ctG2n136@linear	60_community
SRS045262_a1_ct9141_vs1@Podoviridae__sp._ctrca1	60_community
SRS018479_a1_ct24892_vs1@Podoviridae__sp._ctFkh1	61_community
SRS018479_a1_ct24892_vs01@Caudovirales__sp._ctQTt49@linear	61_community
SRS078738_a1_ct34605_vs1@Podoviridae__sp._ctmNA1	61_community
SRS144124_a1_ct14791_vs01@Caudovirales__sp._ctUJ9155@linear	61_community
SRS144124_a1_ct14791_vs1@Podoviridae__sp._ct3b51	61_community
ERS795744|NODE_3_length_14736_cov_2.635772	62_community
SRS2563921|NODE_46_length_8747_cov_6.520824	62_community
SAMN11893693_a1_ct1632@circular@Podoviridae__sp._ct2ln632	63_community
MGV-GENOME-0266686	63_community
SAMN11893693_a1_ct19918@Caudovirales__sp._ctdck85@circular	63_community
Shkoporov_2019_SRR9161588_NODE_40_length_42055_cov_21.772310	63_community
SAMN09781712_a1_ct3120@circular@Podoviridae__sp._ctjU7120	64_community
MGV-GENOME-0293288	64_community
SAMN09781724_a1_ct12275@circular@Podoviridae__sp._ctf1U275	64_community
Shkoporov_2018_SRR6128101_NODE_13_length_77793_cov_74.940557	64_community
SRS741435|NODE_6_length_233678_cov_19.143034	65_community
SRS741532|NODE_2_length_235811_cov_19.262321	65_community
SRS741706|NODE_15_length_111080_cov_14.053926	65_community
MT227925.1	66_community
MK892825.1	66_community
MW043865.1	66_community
NC_047834.1	66_community
NC_020482.1	67_community
SRS053603_a1_ct34958_vs1@Podoviridae__sp._ct0QC1	67_community
SRS022980_a1_ct53332_vs1@Podoviridae__sp._ctYbB1	67_community
SRS019597_a1_ct24_vs01@Caudovirales__sp._ctOB552@linear	68_community
SAMN04999020_a1_ct468@circular@Podoviridae__sp._cts8g468	68_community
SRS019597_a1_ct24_vs1@Podoviridae__sp._ctIK21	68_community
SRS062713_a1_ct38_vs1@Podoviridae__sp._ctBJC1	68_community
SRS017139_a1_ct40986_vs1@Podoviridae__sp._ctZUj1	69_community
SRS062544_a1_ct19334_vs1@Podoviridae__sp._ctYdZ1	69_community
SRS148193_a1_ct145018_vs1@Podoviridae__sp._ctnY11	69_community
MGV-GENOME-0266617	70_community
MGV-GENOME-0167885	70_community
MGV-GENOME-0270030	70_community
MGV-GENOME-0229139	71_community
MGV-GENOME-0201092	71_community
MGV-GENOME-0290062	71_community
MGV-GENOME-0281603	72_community
SAMEA2737798_b1_ct21_vs2@Caudovirales__sp._ctQRR21@linear	72_community
Ma_2019_SRR1778452_NODE_601_length_35324_cov_15.675522	73_community
MGV-GENOME-0312168	73_community
SAMN00993241_a1_ct33137_vs1@linear@Podoviridae__sp._ctkDP1	73_community
SAMN10080902_a1_ct73437_vs1@linear@Podoviridae__sp._ct96V1	74_community
MGV-GENOME-0323281	74_community
SAMN11252289_a1_ct19458_vs1@Podoviridae__sp._ctpyS1	74_community
Ma_2019_SRR413727_NODE_925_length_30506_cov_2.609734	75_community
MGV-GENOME-0327167	75_community
SAMN00791991_a1_ct19080_vs1@linear@Podoviridae__sp._ct8rj1	75_community
NC_003390.2	76_community
MZ803112.1	76_community
NC_009531.1	76_community
SRS050905_a1_ct4188_vs01@Caudovirales__sp._ctPbl114@linear	77_community
SRS017127_a1_ct24_vs1@Podoviridae__sp._ctIZx1	77_community
SRS050905_a1_ct4188_vs1@Podoviridae__sp._ct0KF1	77_community
SRS018394_a1_ct13037@circular@Podoviridae__sp._ctoUU037	78_community
SRS017814_a1_ct7715_vs1@Podoviridae__sp._ct8S41	78_community
SRS147128_a1_ct15355@circular@Podoviridae__sp._ct7fJ355	78_community
Monaco_MBA4010_NODE_317_length_16723_cov_7.781497	79_community; 98_pair
ERS743392|NODE_299_length_16723_cov_6.762599	79_community; 98_pair
MGV-GENOME-0202796	80_community; 99_pair
Kang_0027_ST001_A_NODE_79_length_20645_cov_191.333123	80_community; 99_pair
LR796713.1	81_community; 100_pair
LR796353.1	81_community; 100_pair
SAMEA2579914_a1_ct145921_vs1@Podoviridae__sp._ctP0h1	82_community; 101_pair
MGV-GENOME-0200261	82_community; 101_pair
MGV-GENOME-0346132	83_community; 102_pair
MGV-GENOME-0231127	83_community; 102_pair
SRS015470_a1_ct26494_vs1@Podoviridae__sp._ctMTh1	84_community; 103_pair
MGV-GENOME-0254773	84_community; 103_pair
SAMN05414963_a1_ct3461_vs1@Podoviridae__sp._ctuC31	85_community; 104_pair
MGV-GENOME-0257372	85_community; 104_pair
Ma_2019_SRR341680_NODE_179_length_43486_cov_14.141305	86_community; 105_pair
MGV-GENOME-0278732	86_community; 105_pair
MGV-GENOME-0320858	87_community; 106_pair
MGV-GENOME-0311490	87_community; 106_pair
MT375521.1	88_community; 107_pair
MH598800.1	88_community; 107_pair
NC_047711.1	89_community
MN857473.1	90_community; 108_pair
MK892734.1	90_community; 108_pair
NC_047831.1	91_community; 109_pair
MT902335.1	91_community; 109_pair
NC_047708.1	92_community; 110_pair
MW822601.1	92_community; 110_pair
NC_047903.1	93_community
ON624112.1	94_community; 111_pair
OM913599.1	94_community; 111_pair
Zuo_2019_SRR8240680_NODE_64_length_20296_cov_557.836421	95_community; 112_pair
SAMN10408119_a1_ct10850_vs1@linear@Podoviridae__sp._ctDDj1	95_community; 112_pair
SRS148472_a1_ct45264@Podoviridae__sp._ctA74170@circular	96_community; 113_pair
SRS043083_a1_ct7773@circular@Podoviridae__sp._ctRio773	96_community; 113_pair
SRS741470|NODE_262_length_10762_cov_3.666823	97_community; 114_pair
SRS741344|NODE_250_length_12543_cov_3.088882	97_community; 114_pair
MT374859.1	outlier: 3_community
MW671054.1	outlier: 3_community
MZ851152.1	bridge: outlier: 3_community, 3_community, 5_community, 17_community
ERS743396|NODE_14_length_17048_cov_15.538575	bridge: 1_community, 5_community, 3_community
MGV-GENOME-0265429	bridge: 3_community
NC_047741.1	bridge: 1_community
HG796221.1	bridge: 1_community
MGV-GENOME-0294808	outlier: 11_community
OK625527.1	bridge: 8_community, outlier: 11_community, 11_community
ON604651.1	bridge: 34_community
MGV-GENOME-0219685	bridge: 1_community
ON932083.1	bridge: 1_community, 37_community
LR796183.1	outlier: 33_community
LR796364.1	outlier: 33_community
MGV-GENOME-0177633	outlier: 13_community
MGV-GENOME-0232729	bridge: 27_community
SRR7892430_NODE_27_length_11706_cov_57.387005	bridge: 3_community, 6_community
SAMN01915207_a1_ct21160@circular@Podoviridae__sp._ct3uM160	bridge: 5_community, 42_community, 30_community, 10_community, 7_community
MN184885.1	bridge: 3_community
SAMN11031433_a1_ct28476_vs1@linear@Podoviridae__sp._ctIWS1	bridge: 20_community
MGV-GENOME-0279607	outlier: 32_community
MGV-GENOME-0274228	outlier: 7_community
MGV-GENOME-0276243	outlier: 52_community
MGV-GENOME-0276633	outlier: 27_community
Ma_2019_SRR341655_NODE_258_length_42603_cov_3.116010	bridge: 19_community, 14_community
MGV-GENOME-0299031	bridge: 24_community
Ma_2019_SRR341661_NODE_897_length_21336_cov_6.375170	bridge: 24_community
MT783706.1	bridge: 1_community
MK892693.1	outlier: 29_community
NC_023715.1	bridge: outlier: 3_community, 3_community
OP329100.1	outlier: 33_community
NC_023863.2	outlier: 25_community
NC_048032.1	outlier: 36_community
NC_020835.1	bridge: 36_community
NC_025455.1	outlier: 36_community
NC_028702.1	outlier: 37_community
OQ389126.1	outlier: 58_community
SRR7892433_NODE_6_length_45474_cov_86.067747	outlier: 55_community
SRS097914_a1_ct19@circular@Podoviridae__sp._ctnGL19	bridge: 28_community
SRS149231_a1_ct5792_vs1@Podoviridae__sp._ctNB61	outlier: 53_community
SRS019071_a1_ct28173_vs1@Podoviridae__sp._ctcI11	115_mono
OM416780.1	116_mono
MGV-GENOME-0340378	117_mono
ERS698680|NODE_23_length_11647_cov_8.695997	118_mono
NC_020872.1	119_mono
SRS741279|NODE_1130_length_2608_cov_1.804820	120_mono
LR796449.1	121_mono
MK984681.1	122_mono
LR796375.1	123_mono
MGV-GENOME-0280047	124_mono
LR797151.1	125_mono
MGV-GENOME-0228924	126_mono
ON950054.1	127_mono
MGV-GENOME-0276824	128_mono
MGV-GENOME-0335178	129_mono
NC_047832.1	130_mono
ERS795772|NODE_42_length_3621_cov_2.296222	131_mono
SRS014271_a1_ct20514_vs1@Podoviridae__sp._ctgIX1	132_mono
SRS741356|NODE_294_length_2423_cov_2.393436	133_mono
MGV-GENOME-0315514	134_mono
MK892642.1	135_mono
MGV-GENOME-0258966	136_mono
MGV-GENOME-0325623	137_mono
MK892774.1	138_mono
MGV-GENOME-0347657	139_mono
MK892485.1	140_mono
MK892698.1	141_mono
MK892596.1	142_mono
MK892555.1	143_mono
SRS741472|NODE_144_length_5907_cov_2.555746	144_mono
Zuo_2017_SRR5677806_NODE_17_length_43696_cov_167.176921	145_mono
LR796716.1	146_mono
SRS019128_a1_ct241347_vs1@Podoviridae__sp._ctC8T1	147_mono
SRS741551|NODE_1000_length_2943_cov_1.864271	148_mono
MZ568826.1	149_mono
SRS741442|NODE_312_length_7882_cov_2.869827	150_mono
NC_020842.1	151_mono
MK892856.1	152_mono
SRS021948_a1_ct36181_vs1@Podoviridae__sp._ctw3e1	153_mono
SRS043494_a1_ct21315_vs1@Podoviridae__sp._ctUcq1	154_mono
Nadia_combined_trimmed_NODE_14_length_58060_cov_127.928937	155_mono
MK892864.1	156_mono
Moreno-Gallego_2019_ERR2867985_NODE_11_length_36840_cov_13.376403	157_mono
Zuo_2019_SRR8240688_NODE_36_length_34231_cov_163.778207	158_mono
NC_047704.1	159_mono
LR796381.1	160_mono
NC_047707.1	161_mono
MW202733.1	162_mono
MK892742.1	163_mono
MGV-GENOME-0265384	164_mono
SAMEA2737745_b1_ct75_vs2@Caudovirales__sp._ctsrN75@linear	165_mono
NC_029031.1	166_mono
MGV-GENOME-0340861	167_mono
MK892717.1	168_mono
MK892718.1	169_mono
NC_054890.1	170_mono
SRS2563945|NODE_740_length_14077_cov_9.171801	171_mono
NC_047982.1	172_mono
LR796934.1	173_mono
MK892536.1	174_mono
